full_date,date,weekday,time,mood,activities,scales,note_title,note
2024-01-01,January 1,Monday,19:30,good,nap | gym | concert | budgeting | tea | work | sketching | doctor | meditation | yoga,Sleep quality: 2/5,,Today was bit of a struggle with motivation. Overall a decent day. Today was nice evening cooking dinner. Looking forward to tomorrow.
2024-01-02,January 2,Tuesday,21:14,meh,gym | cooking | podcast | party | haircut | run | tea | cleaning | groceries | yoga | commute,Sleep quality: 3/5,,Spent most of the day relaxing afternoon with a book. Overall a decent day.
2024-01-03,January 3,Wednesday,21:56,meh,laundry | nap | rain | sunny | board-games | groceries | hike | yoga | commute,Sleep quality: 4/5,,Today was long walk that helped clear my head. Trying to keep a steady routine.
2024-01-04,January 4,Thursday,21:34,bad,board-games | commute | rain | date-night | call-family | friends | car-maintenance | swim,Sleep quality: 5/5,,Spent most of the day relaxing afternoon with a book. Grateful for the small things. Started the morning with stressful meeting that ran long. Hoping next week is calmer.
2024-01-05,January 5,Friday,19:58,good,walk | groceries | sunny | yoga | haircut | sketching | laundry | party,Sleep quality: 2/5,,Feeling like slow start but it picked up. Trying to keep a steady routine. Had a productive stretch of focused work. Grateful for the small things. Had a productive stretch of focused work. Could have been better honestly.
2024-01-06,January 6,Saturday,23:12,good,language-practice | music | reading | travel | museum | meditation | commute,Sleep quality: 2/5,,Had a quiet day at home. Hoping next week is calmer. Feeling like good session at work. Grateful for the small things.
2024-01-08,January 8,Monday,20:20,rad,car-maintenance | movie | bike | walk | gardening | wine | tea | commute,Sleep quality: 2/5,,
2024-01-09,January 9,Tuesday,20:07,good,work | run | walk | music | rain | family | commute,Sleep quality: 2/5,,Ended up slow start but it picked up. Trying to keep a steady routine.
2024-01-10,January 10,Wednesday,20:32,good,tea | movie | language-practice | gym | call-family | sketching | gardening | family | museum | dentist | meditation | yoga | commute,Sleep quality: 3/5,,
2024-01-11,January 11,Thursday,23:35,good,cleaning | groceries | gym | rain | dentist | car-maintenance | call-family | museum | yoga | commute,Sleep quality: 5/5,,A pretty productive stretch of focused work. Grateful for the small things. A pretty productive stretch of focused work. Grateful for the small things.
2024-01-12,January 12,Friday,21:42,meh,groceries | shopping | travel | volunteering | commute,Sleep quality: 3/5,,Had a quiet day at home. Grateful for the small things.
2024-01-13,January 13,Saturday,21:16,good,dentist | shopping | date-night | coffee | wine | tea | guitar | walk | meeting | yoga | commute,Sleep quality: 1/5,,Feeling like catch-up with an old friend. Need more sleep tonight. Today was busy day running errands. Could have been better honestly.
2024-01-14,January 14,Sunday,22:39,good,groceries | call-family | cleaning | guitar | meeting | sunny | bike | friends,Sleep quality: 3/5,,
2024-01-15,January 15,Monday,21:58,good,laundry | friends | cleaning | walk | rain | hike | yoga | commute,Sleep quality: 5/5,,Spent most of the day good session at work. Overall a decent day. Ended up slow start but it picked up. Could have been better honestly.
2024-01-16,January 16,Tuesday,23:59,good,board-games | nap | swim | haircut | commute | wine | travel | date-night | shopping | party | yoga,Sleep quality: 2/5,,
2024-01-17,January 17,Wednesday,19:17,good,guitar | budgeting | walk | language-practice | coffee | run | swim | call-family | museum | podcast | yoga | commute,Sleep quality: 3/5,,
2024-01-18,January 18,Thursday,21:26,good,travel | rain | language-practice | sketching | date-night | coffee | cleaning | wine | budgeting | commute,Sleep quality: 1/5,,Ended up quiet day at home. Need more sleep tonight. Today was busy day running errands. Trying to keep a steady routine. Managed to get through stressful meeting that ran long. Hoping next week is calmer.
2024-01-19,January 19,Friday,20:15,meh,meeting | language-practice | museum | sketching | budgeting | run | groceries | journaling | yoga | commute,Sleep quality: 3/5,,
2024-01-20,January 20,Saturday,00:20,good,dentist | nap | board-games | friends | yoga | commute,Sleep quality: 2/5,,A pretty nice evening cooking dinner. Overall a decent day.
2024-01-21,January 21,Sunday,22:29,bad,haircut | music | dentist | date-night | friends | laundry | doctor | tea,Sleep quality: 1/5,,
2024-01-22,January 22,Monday,22:02,good,dentist | meeting | family | nap | swim | journaling | board-games | gaming | yoga | commute,Sleep quality: 3/5,,
2024-01-23,January 23,Tuesday,21:11,bad,sunny | doctor | work | language-practice | tea | movie | yoga,Sleep quality: 1/5,,
2024-01-24,January 24,Wednesday,23:49,rad,wine | date-night | concert | tea | rain | yoga,Sleep quality: 3/5,,Ended up relaxing afternoon with a book. Trying to keep a steady routine.
2024-01-25,January 25,Thursday,19:39,good,language-practice | music | coffee | work | yoga | commute,Sleep quality: 3/5,,Managed to get through productive stretch of focused work. Overall a decent day. Today was nice evening cooking dinner. Not much else to report. Started the morning with bit of a struggle with motivation. Trying to keep a steady routine.
2024-01-26,January 26,Friday,19:34,bad,reading | rain | guitar | travel | baking | commute | museum | sketching | yoga,Sleep quality: 5/5,,Started the morning with relaxing afternoon with a book. Looking forward to tomorrow. Feeling like nice evening cooking dinner. Could have been better honestly.
2024-01-27,January 27,Saturday,23:48,awful,cleaning | gym | party | rain | bike | concert | language-practice | nap | car-maintenance | volunteering | board-games | meditation,Sleep quality: 5/5,,A pretty quiet day at home. Trying to keep a steady routine.
2024-01-28,January 28,Sunday,22:03,good,podcast | tea | board-games | concert | work | family | meditation | commute,Sleep quality: 5/5,,Ended up long walk that helped clear my head. Hoping next week is calmer.
2024-01-29,January 29,Monday,20:27,good,reading | rain | budgeting | meeting | sketching | tea | music | call-family | meditation | commute,Sleep quality: 3/5,,Had a nice evening cooking dinner. Looking forward to tomorrow. Feeling like stressful meeting that ran long. Trying to keep a steady routine. Ended up stressful meeting that ran long. Trying to keep a steady routine.
2024-01-30,January 30,Tuesday,22:00,rad,nap | sunny | swim | date-night | museum | commute,Sleep quality: 3/5,,A pretty quiet day at home. Looking forward to tomorrow.
2024-01-31,January 31,Wednesday,23:34,good,reading | coffee | call-family | yoga | travel | shopping | laundry | concert | commute,Sleep quality: 2/5,,Started the morning with nice evening cooking dinner. Need more sleep tonight. Had a relaxing afternoon with a book. Hoping next week is calmer.
2024-02-01,February 1,Thursday,21:55,good,run | nap | car-maintenance | budgeting | shopping | walk | yoga | commute,Sleep quality: 5/5,,Spent most of the day tired but satisfied kind of day. Not much else to report.
2024-02-03,February 3,Saturday,21:21,good,meeting | volunteering | journaling | board-games | run | gym | gardening | walk | sketching | concert | yoga | commute,Sleep quality: 3/5,,Ended up fun night out that lifted my mood. Hoping next week is calmer.
2024-02-04,February 4,Sunday,20:01,good,tea | concert | coffee | rain | museum | music | movie | reading | doctor | gaming,Sleep quality: 2/5,,Spent most of the day quiet day at home. Trying to keep a steady routine. Feeling like busy day running errands. Hoping next week is calmer.
2024-02-05,February 5,Monday,23:51,good,yoga | museum | wine | call-family | laundry | gaming | commute,Sleep quality: 3/5,,
2024-02-06,February 6,Tuesday,03:05,good,doctor | baking | guitar | movie | budgeting | bike,Sleep quality: 5/5,,Ended up tired but satisfied kind of day. Not much else to report. Feeling like bit of a struggle with motivation. Could have been better honestly.
2024-02-07,February 7,Wednesday,21:31,meh,guitar | sunny | gym | coffee | walk | yoga | run | nap | budgeting | sketching | meditation | commute,Sleep quality: 3/5,,
2024-02-08,February 8,Thursday,22:31,rad,coffee | cooking | laundry | movie | yoga | commute,Sleep quality: 3/5,,A pretty relaxing afternoon with a book. Trying to keep a steady routine. Spent most of the day relaxing afternoon with a book. Grateful for the small things.
2024-02-09,February 9,Friday,20:58,meh,guitar | friends | baking | cooking | doctor | bike | laundry | concert | budgeting | journaling | yoga | commute,Sleep quality: 1/5,,Today was catch-up with an old friend. Looking forward to tomorrow. Started the morning with bit of a struggle with motivation. Trying to keep a steady routine.
2024-02-10,February 10,Saturday,23:14,good,friends | rain | haircut | volunteering | commute,Sleep quality: 3/5,,
2024-02-11,February 11,Sunday,19:57,meh,podcast | sketching | board-games | journaling | hike,Sleep quality: 2/5,,Today was productive stretch of focused work. Hoping next week is calmer. Managed to get through quiet day at home. Overall a decent day.
2024-02-12,February 12,Monday,19:48,meh,commute | sketching | car-maintenance | swim | skydiving | yoga,Sleep quality: 3/5,,Spent most of the day tired but satisfied kind of day. Could have been better honestly. Managed to get through busy day running errands. Grateful for the small things. Spent most of the day quiet day at home. Hoping next week is calmer.
2024-02-13,February 13,Tuesday,23:11,good,laundry | budgeting | nap | museum | gardening | haircut | journaling | coffee | hike | yoga,Sleep quality: 4/5,,Ended up nice evening cooking dinner. Trying to keep a steady routine. Started the morning with long walk that helped clear my head. Trying to keep a steady routine.
2024-02-14,February 14,Wednesday,23:55,good,shopping | budgeting | podcast | tea | doctor | family | coffee | museum | music | yoga,Sleep quality: 2/5,,A pretty busy day running errands. Trying to keep a steady routine. Managed to get through good session at work. Trying to keep a steady routine. Managed to get through long walk that helped clear my head. Hoping next week is calmer.
2024-02-15,February 15,Thursday,03:05,bad,travel | tea | commute | meeting | guitar | work | cooking | doctor | movie | run | yoga,Sleep quality: 3/5,,
2024-02-16,February 16,Friday,20:24,meh,walk | dentist | budgeting | sunny | concert | tea | swim | commute,Sleep quality: 4/5,,Feeling like long walk that helped clear my head. Need more sleep tonight.
2024-02-17,February 17,Saturday,19:14,good,language-practice | sketching | bike | wine | music | call-family | journaling | cleaning | museum | reading | family | yoga,Sleep quality: 5/5,,A pretty bit of a struggle with motivation. Hoping next week is calmer. Managed to get through stressful meeting that ran long. Grateful for the small things.
2024-02-18,February 18,Sunday,22:38,meh,sunny | doctor | budgeting | wine | commute,Sleep quality: 5/5,,Managed to get through productive stretch of focused work. Hoping next week is calmer. Ended up fun night out that lifted my mood. Trying to keep a steady routine. A pretty stressful meeting that ran long. Looking forward to tomorrow.
2024-02-19,February 19,Monday,20:32,good,friends | podcast | gardening | bike | budgeting | yoga | commute,Sleep quality: 3/5,,A pretty tired but satisfied kind of day. Not much else to report.
2024-02-20,February 20,Tuesday,22:10,bad,commute | walk | car-maintenance | shopping | journaling | work | budgeting | volunteering | concert,Sleep quality: 2/5,,Ended up long walk that helped clear my head. Trying to keep a steady routine. Started the morning with bit of a struggle with motivation. Hoping next week is calmer.
2024-02-21,February 21,Wednesday,01:04,good,family | budgeting | groceries | swim | doctor | walk | commute,Sleep quality: 3/5,,
2024-02-22,February 22,Thursday,05:14,good,gym | podcast | car-maintenance | movie | reading | haircut | doctor | party | yoga,Sleep quality: 3/5,,
2024-02-23,February 23,Friday,19:03,meh,travel | sunny | volunteering | wine | podcast | sketching | concert | call-family | meditation | yoga,Sleep quality: 4/5,,Spent most of the day tired but satisfied kind of day. Could have been better honestly. Feeling like tired but satisfied kind of day. Need more sleep tonight.
2024-02-24,February 24,Saturday,23:22,meh,concert | car-maintenance | travel | sunny | haircut | volunteering | doctor | podcast | yoga,Sleep quality: 2/5,,Spent most of the day slow start but it picked up. Hoping next week is calmer.
2024-02-25,February 25,Sunday,20:10,meh,walk | reading | movie | journaling | baking | volunteering | guitar | music | language-practice | travel | commute,Sleep quality: 5/5,,Feeling like stressful meeting that ran long. Overall a decent day. Feeling like relaxing afternoon with a book. Need more sleep tonight. Spent most of the day catch-up with an old friend. Need more sleep tonight.
2024-02-26,February 26,Monday,05:36,good,sketching | baking | rain | date-night | language-practice | gardening | haircut | commute,Sleep quality: 1/5,,Feeling like fun night out that lifted my mood. Need more sleep tonight.
2024-02-27,February 27,Tuesday,20:15,meh,baking | budgeting | guitar | party | walk | yoga | commute,Sleep quality: 4/5,,Started the morning with tired but satisfied kind of day. Not much else to report. Today was fun night out that lifted my mood. Not much else to report.
2024-02-28,February 28,Wednesday,19:29,meh,volunteering | run | journaling | date-night | coffee | music | bike | yoga | commute,Sleep quality: 1/5,,
2024-03-01,March 1,Friday,22:49,meh,board-games | language-practice | guitar | museum | sketching | yoga | commute,Sleep quality: 2/5,,Spent most of the day productive stretch of focused work. Not much else to report. Spent most of the day bit of a struggle with motivation. Need more sleep tonight.
2024-03-02,March 2,Saturday,23:39,meh,yoga | work | guitar | run | journaling | haircut | cooking | gaming,Sleep quality: 5/5,,Ended up busy day running errands. Need more sleep tonight.
2024-03-03,March 3,Sunday,23:56,good,doctor | swim | wine | podcast | museum | yoga | journaling | hike,Sleep quality: 5/5,,
2024-03-04,March 4,Monday,22:52,meh,friends | sketching | rain | wine | swim | yoga | commute,Sleep quality: 2/5,,A pretty fun night out that lifted my mood. Hoping next week is calmer. Today was bit of a struggle with motivation. Could have been better honestly.
2024-03-05,March 5,Tuesday,20:28,bad,podcast | language-practice | cleaning | baking,Sleep quality: 4/5,,
2024-03-06,March 6,Wednesday,23:38,meh,groceries | date-night | journaling | dentist | bike | yoga,Sleep quality: 2/5,,
2024-03-07,March 7,Thursday,21:27,bad,dentist | cleaning | laundry | friends | yoga,Sleep quality: 1/5,,A pretty bit of a struggle with motivation. Trying to keep a steady routine. Started the morning with busy day running errands. Could have been better honestly. Ended up busy day running errands. Need more sleep tonight.
2024-03-08,March 8,Friday,19:06,meh,sunny | guitar | coffee | dentist | friends | movie | party | baking | commute,Sleep quality: 3/5,,
2024-03-09,March 9,Saturday,21:16,good,gardening | groceries | haircut | nap | board-games | baking,Sleep quality: 2/5,,Had a productive stretch of focused work. Could have been better honestly.
2024-03-10,March 10,Sunday,21:01,meh,music | gardening | coffee | yoga | swim | volunteering | dentist | wine | cooking | family | groceries,Sleep quality: 4/5,,
2024-03-11,March 11,Monday,21:09,good,travel | budgeting | movie | dentist | gardening | date-night | volunteering | doctor | gym | yoga | commute,Sleep quality: 5/5,,
2024-03-12,March 12,Tuesday,23:57,good,sunny | swim | groceries | movie | bike | hike | yoga | commute,Sleep quality: 2/5,,Started the morning with catch-up with an old friend. Grateful for the small things.
2024-03-13,March 13,Wednesday,21:02,meh,family | party | laundry | board-games | tea | bike | rain | baking | guitar | doctor | yoga | commute,Sleep quality: 3/5,,A pretty stressful meeting that ran long. Overall a decent day.
2024-03-14,March 14,Thursday,19:48,meh,travel | baking | board-games | cleaning | yoga | podcast | gym,Sleep quality: 4/5,,
2024-03-15,March 15,Friday,19:14,meh,journaling | commute | car-maintenance | groceries | gardening | family | yoga,Sleep quality: 2/5,,
2024-03-16,March 16,Saturday,19:47,good,budgeting | date-night | rain | friends | sketching | yoga | commute,Sleep quality: 4/5,,Today was busy day running errands. Could have been better honestly.
2024-03-17,March 17,Sunday,21:20,good,run | friends | podcast | yoga | walk,Sleep quality: 4/5,,Ended up relaxing afternoon with a book. Hoping next week is calmer. Today was long walk that helped clear my head. Trying to keep a steady routine.
2024-03-18,March 18,Monday,23:30,good,dentist | bike | date-night | baking | reading | sunny | friends | commute,Sleep quality: 1/5,,Managed to get through slow start but it picked up. Looking forward to tomorrow. A pretty catch-up with an old friend. Need more sleep tonight. Feeling like catch-up with an old friend. Grateful for the small things.
2024-03-19,March 19,Tuesday,21:55,good,budgeting | yoga | doctor | gaming,Sleep quality: 5/5,,A pretty relaxing afternoon with a book. Need more sleep tonight. Managed to get through fun night out that lifted my mood. Not much else to report. Ended up good session at work. Looking forward to tomorrow.
2024-03-20,March 20,Wednesday,05:08,bad,museum | date-night | rain | family | nap | yoga | concert | movie | groceries | commute,Sleep quality: 2/5,,Today was productive stretch of focused work. Looking forward to tomorrow. Today was tired but satisfied kind of day. Looking forward to tomorrow. Managed to get through good session at work. Grateful for the small things.
2024-03-21,March 21,Thursday,20:03,good,nap | rain | music | tea | laundry | concert | baking | movie | cooking | sketching | commute,Sleep quality: 4/5,,Started the morning with stressful meeting that ran long. Looking forward to tomorrow. Managed to get through catch-up with an old friend. Need more sleep tonight. A pretty tired but satisfied kind of day. Hoping next week is calmer.
2024-03-22,March 22,Friday,22:09,good,commute | call-family | work | nap | yoga,Sleep quality: 3/5,,
2024-03-23,March 23,Saturday,20:33,good,language-practice | bike | cooking | shopping | commute,Sleep quality: 5/5,,Today was good session at work. Not much else to report. Today was busy day running errands. Need more sleep tonight.
2024-03-24,March 24,Sunday,22:02,meh,tea | run | cleaning | concert | rain | doctor | family | museum | podcast,Sleep quality: 3/5,,Ended up long walk that helped clear my head. Looking forward to tomorrow. Started the morning with catch-up with an old friend. Hoping next week is calmer.
2024-03-25,March 25,Monday,21:16,good,gym | board-games | museum | family | language-practice | budgeting | cooking | guitar | baking | coffee | meditation | yoga | commute,Sleep quality: 4/5,,A pretty good session at work. Grateful for the small things. Managed to get through bit of a struggle with motivation. Need more sleep tonight.
2024-03-26,March 26,Tuesday,20:02,good,board-games | gardening | music | run | doctor | haircut | date-night | yoga | commute,Sleep quality: 1/5,,Ended up productive stretch of focused work. Overall a decent day. Feeling like productive stretch of focused work. Trying to keep a steady routine. Started the morning with good session at work. Overall a decent day.
2024-03-27,March 27,Wednesday,20:19,good,doctor | shopping | guitar | party | gaming | commute,Sleep quality: 5/5,,
2024-03-28,March 28,Thursday,19:03,good,budgeting | sunny | museum | reading | commute,Sleep quality: 1/5,,A pretty fun night out that lifted my mood. Grateful for the small things.
2024-03-30,March 30,Saturday,20:24,good,baking | music | podcast | board-games | concert | movie | travel | cleaning | gym | date-night | hike,Sleep quality: 1/5,,Managed to get through productive stretch of focused work. Hoping next week is calmer. Ended up productive stretch of focused work. Not much else to report. Ended up busy day running errands. Need more sleep tonight.
2024-03-31,March 31,Sunday,23:52,meh,friends | sketching | gardening | shopping | rain | commute,Sleep quality: 4/5,,A pretty fun night out that lifted my mood. Need more sleep tonight. Started the morning with long walk that helped clear my head. Trying to keep a steady routine. Feeling like bit of a struggle with motivation. Grateful for the small things.
2024-04-01,April 1,Monday,20:34,good,cleaning | wine | family | volunteering | gaming | yoga,Sleep quality: 1/5,,Had a busy day running errands. Grateful for the small things. Feeling like productive stretch of focused work. Could have been better honestly. Spent most of the day long walk that helped clear my head. Trying to keep a steady routine.
2024-04-02,April 2,Tuesday,20:13,meh,family | walk | run,Sleep quality: 1/5,,A pretty long walk that helped clear my head. Need more sleep tonight.
2024-04-03,April 3,Wednesday,23:01,good,car-maintenance | tea | call-family | shopping | museum | commute,Sleep quality: 2/5,,Feeling like tired but satisfied kind of day. Could have been better honestly. A pretty slow start but it picked up. Could have been better honestly.
2024-04-04,April 4,Thursday,20:50,meh,car-maintenance | wine | family | nap | yoga | commute,Sleep quality: 3/5,,Managed to get through fun night out that lifted my mood. Trying to keep a steady routine.
2024-04-05,April 5,Friday,20:07,meh,tea | groceries | museum | bike | reading | yoga | commute,Sleep quality: 1/5,,
2024-04-06,April 6,Saturday,22:14,meh,dentist | cooking | concert | board-games | baking | gym | gaming | yoga | commute,Sleep quality: 5/5,,Had a catch-up with an old friend. Hoping next week is calmer.
2024-04-07,April 7,Sunday,21:28,good,groceries | shopping | friends | swim | reading | commute,Sleep quality: 5/5,,
2024-04-08,April 8,Monday,20:29,good,budgeting | dentist | guitar | shopping | gym | yoga | commute,Sleep quality: 5/5,,
2024-04-09,April 9,Tuesday,19:26,good,reading | friends | cleaning | budgeting | swim | sketching | gardening,Sleep quality: 5/5,,Started the morning with quiet day at home. Hoping next week is calmer. Started the morning with good session at work. Need more sleep tonight. Managed to get through bit of a struggle with motivation. Hoping next week is calmer.
2024-04-10,April 10,Wednesday,22:33,good,coffee | work | gym | reading | meditation,Sleep quality: 1/5,,A pretty nice evening cooking dinner. Overall a decent day. Ended up productive stretch of focused work. Not much else to report. Had a bit of a struggle with motivation. Grateful for the small things.
2024-04-11,April 11,Thursday,20:14,rad,journaling | doctor | family | board-games | yoga | commute,Sleep quality: 2/5,,
2024-04-12,April 12,Friday,22:32,bad,museum | cooking | budgeting | swim | party | yoga | commute,Sleep quality: 4/5,,
2024-04-13,April 13,Saturday,22:50,good,laundry | party | sunny | swim | volunteering | podcast | gym | yoga | commute,Sleep quality: 3/5,,Feeling like bit of a struggle with motivation. Hoping next week is calmer.
2024-04-14,April 14,Sunday,22:54,good,coffee | meditation | car-maintenance | cooking | concert | yoga | commute,Sleep quality: 2/5,,Had a quiet day at home. Not much else to report.
2024-04-15,April 15,Monday,20:09,good,music | party | family | groceries | shopping | movie | cooking | yoga | commute,Sleep quality: 1/5,,
2024-04-16,April 16,Tuesday,19:58,meh,groceries | cooking | bike | coffee | board-games | work | language-practice | budgeting | meeting | cleaning | yoga,Sleep quality: 5/5,,Ended up bit of a struggle with motivation. Overall a decent day.
2024-04-17,April 17,Wednesday,23:33,good,board-games | reading | nap | dentist | yoga | commute,Sleep quality: 2/5,,Ended up quiet day at home. Need more sleep tonight. Spent most of the day slow start but it picked up. Trying to keep a steady routine. Started the morning with productive stretch of focused work. Need more sleep tonight.
2024-04-18,April 18,Thursday,20:36,meh,tea | doctor | dentist | sketching | coffee | museum | swim | movie | commute,Sleep quality: 1/5,,Feeling like quiet day at home. Could have been better honestly. Managed to get through nice evening cooking dinner. Overall a decent day. Started the morning with nice evening cooking dinner. Not much else to report.
2024-04-19,April 19,Friday,20:42,good,budgeting | dentist | volunteering | laundry | wine | doctor | travel | commute | call-family | walk | yoga,Sleep quality: 5/5,,
2024-04-20,April 20,Saturday,22:03,good,shopping | rain | board-games | groceries | run | sunny | museum | guitar | yoga | commute,Sleep quality: 4/5,,Spent most of the day busy day running errands. Looking forward to tomorrow. Feeling like fun night out that lifted my mood. Not much else to report. Spent most of the day nice evening cooking dinner. Looking forward to tomorrow.
2024-04-21,April 21,Sunday,19:04,good,sketching | shopping | friends | swim | haircut | guitar | groceries | call-family | wine | work | commute,Sleep quality: 2/5,,Started the morning with quiet day at home. Overall a decent day. Feeling like productive stretch of focused work. Hoping next week is calmer.
2024-04-22,April 22,Monday,01:05,meh,podcast | date-night | friends | car-maintenance | gardening | yoga | commute,Sleep quality: 1/5,,Today was catch-up with an old friend. Overall a decent day.
2024-04-23,April 23,Tuesday,21:50,good,groceries | cooking | run | language-practice | travel | museum | commute,Sleep quality: 5/5,,Spent most of the day tired but satisfied kind of day. Hoping next week is calmer. A pretty productive stretch of focused work. Could have been better honestly. Today was quiet day at home. Not much else to report.
2024-04-24,April 24,Wednesday,21:56,good,volunteering | nap | gardening | shopping,Sleep quality: 4/5,,Spent most of the day stressful meeting that ran long. Not much else to report. Managed to get through productive stretch of focused work. Looking forward to tomorrow.
2024-04-25,April 25,Thursday,03:32,good,friends | movie | music | nap | date-night | laundry | car-maintenance | bike | travel | walk | commute,Sleep quality: 3/5,,Today was fun night out that lifted my mood. Hoping next week is calmer.
2024-04-26,April 26,Friday,20:45,meh,bike | gym | family | friends | yoga,Sleep quality: 3/5,,Spent most of the day good session at work. Could have been better honestly. Today was stressful meeting that ran long. Need more sleep tonight.
2024-04-27,April 27,Saturday,20:41,meh,coffee | call-family | budgeting | cleaning | work | haircut | rain | yoga,Sleep quality: 3/5,,
2024-04-28,April 28,Sunday,20:35,meh,rain | date-night | cleaning | walk | language-practice | commute,Sleep quality: 2/5,,
2024-04-29,April 29,Monday,19:13,good,podcast | dentist | haircut | laundry | cleaning | rain | sunny | car-maintenance | yoga,Sleep quality: 2/5,,
2024-04-30,April 30,Tuesday,20:33,meh,wine | laundry | cleaning | travel | gardening | nap | groceries | yoga,Sleep quality: 3/5,,Had a fun night out that lifted my mood. Not much else to report. Today was relaxing afternoon with a book. Grateful for the small things.
2024-05-01,May 1,Wednesday,19:13,bad,shopping | cleaning | sketching | rain | music | journaling | yoga | commute,Sleep quality: 3/5,,Feeling like good session at work. Hoping next week is calmer.
2024-05-02,May 2,Thursday,23:34,meh,sunny | language-practice | car-maintenance | podcast | friends | commute | date-night | party | laundry,Sleep quality: 1/5,,
2024-05-03,May 3,Friday,23:20,good,guitar | walk | shopping | yoga,Sleep quality: 2/5,,Feeling like fun night out that lifted my mood. Grateful for the small things.
2024-05-04,May 4,Saturday,22:34,bad,commute | gardening | laundry | bike | dentist | music | board-games | walk | budgeting | sunny,Sleep quality: 5/5,,
2024-05-05,May 5,Sunday,21:11,meh,language-practice | yoga | music | cleaning | car-maintenance | commute,Sleep quality: 4/5,,Feeling like productive stretch of focused work. Grateful for the small things.
2024-05-06,May 6,Monday,22:21,good,doctor | reading | podcast | party | meeting | call-family | sunny | bike | cleaning | yoga | commute,Sleep quality: 1/5,,Started the morning with bit of a struggle with motivation. Overall a decent day. Started the morning with catch-up with an old friend. Not much else to report. Spent most of the day stressful meeting that ran long. Looking forward to tomorrow.
2024-05-07,May 7,Tuesday,05:11,good,nap | haircut | laundry | wine | car-maintenance | commute,Sleep quality: 4/5,,A pretty stressful meeting that ran long. Not much else to report. Managed to get through quiet day at home. Looking forward to tomorrow. Started the morning with slow start but it picked up. Could have been better honestly.
2024-05-09,May 9,Thursday,19:11,good,journaling | dentist | coffee | gardening | yoga | commute,Sleep quality: 1/5,,Managed to get through fun night out that lifted my mood. Overall a decent day.
2024-05-10,May 10,Friday,23:06,good,board-games | friends | run | travel | tea | laundry | date-night | meeting | rain | yoga,Sleep quality: 4/5,,Ended up bit of a struggle with motivation. Need more sleep tonight. Feeling like stressful meeting that ran long. Need more sleep tonight. Had a productive stretch of focused work. Grateful for the small things.
2024-05-11,May 11,Saturday,20:17,meh,language-practice | volunteering | sketching | work | car-maintenance | yoga | commute,Sleep quality: 1/5,,Today was busy day running errands. Could have been better honestly.
2024-05-12,May 12,Sunday,19:19,good,board-games | date-night | friends | shopping | concert | budgeting | gym | run | museum | cleaning | hike | yoga | commute,Sleep quality: 2/5,,
2024-05-13,May 13,Monday,03:18,good,volunteering | laundry | friends | cooking | yoga,Sleep quality: 5/5,,Feeling like nice evening cooking dinner. Hoping next week is calmer. Managed to get through slow start but it picked up. Looking forward to tomorrow. Had a nice evening cooking dinner. Overall a decent day.
2024-05-14,May 14,Tuesday,19:09,meh,nap | date-night | sunny | party | haircut | yoga | commute,Sleep quality: 2/5,,Started the morning with busy day running errands. Overall a decent day. Had a quiet day at home. Need more sleep tonight. Today was productive stretch of focused work. Need more sleep tonight.
2024-05-15,May 15,Wednesday,22:06,good,travel | coffee | nap | volunteering | yoga | doctor | gym | run | meditation,Sleep quality: 2/5,,
2024-05-16,May 16,Thursday,23:43,good,gym | dentist | volunteering | run | walk | nap | party | meditation | yoga | commute,Sleep quality: 2/5,,Ended up relaxing afternoon with a book. Not much else to report. Ended up quiet day at home. Grateful for the small things. Spent most of the day quiet day at home. Hoping next week is calmer.
2024-05-17,May 17,Friday,20:41,good,doctor | language-practice | budgeting | work | yoga,Sleep quality: 1/5,,A pretty catch-up with an old friend. Not much else to report. Managed to get through slow start but it picked up. Trying to keep a steady routine. Ended up stressful meeting that ran long. Looking forward to tomorrow.
2024-05-18,May 18,Saturday,02:18,good,run | commute | doctor | friends | guitar | gym | budgeting | yoga,Sleep quality: 1/5,,Ended up nice evening cooking dinner. Overall a decent day. Today was fun night out that lifted my mood. Grateful for the small things.
2024-05-19,May 19,Sunday,21:49,good,call-family | work | coffee | sketching | museum | board-games | yoga | commute,Sleep quality: 4/5,,Had a busy day running errands. Looking forward to tomorrow. Ended up relaxing afternoon with a book. Grateful for the small things. A pretty fun night out that lifted my mood. Looking forward to tomorrow.
2024-05-20,May 20,Monday,23:48,meh,laundry | gym | date-night | language-practice | museum | run | yoga | commute,Sleep quality: 4/5,,
2024-05-21,May 21,Tuesday,21:23,good,meeting | haircut | travel | wine | doctor | sunny | gym | call-family | yoga | commute,Sleep quality: 3/5,,Ended up nice evening cooking dinner. Trying to keep a steady routine. Feeling like long walk that helped clear my head. Trying to keep a steady routine. Started the morning with slow start but it picked up. Trying to keep a steady routine.
2024-05-22,May 22,Wednesday,20:35,meh,gym | wine | sunny | reading | dentist | yoga | language-practice | nap | baking | podcast,Sleep quality: 5/5,,Started the morning with bit of a struggle with motivation. Overall a decent day.
2024-05-23,May 23,Thursday,20:57,meh,call-family | dentist | reading | museum | date-night | nap | coffee,Sleep quality: 1/5,,Started the morning with bit of a struggle with motivation. Trying to keep a steady routine. Started the morning with good session at work. Overall a decent day.
2024-05-24,May 24,Friday,19:04,good,concert | wine | yoga | commute,Sleep quality: 5/5,,Managed to get through tired but satisfied kind of day. Need more sleep tonight. Ended up fun night out that lifted my mood. Could have been better honestly. Ended up tired but satisfied kind of day. Overall a decent day.
2024-05-25,May 25,Saturday,01:37,good,bike | volunteering | run | car-maintenance | nap | yoga | commute,Sleep quality: 5/5,,
2024-05-26,May 26,Sunday,20:06,good,family | travel | car-maintenance | wine | laundry | doctor | commute | nap | baking | concert | music | yoga,Sleep quality: 5/5,,Ended up long walk that helped clear my head. Need more sleep tonight. Had a productive stretch of focused work. Not much else to report.
2024-05-27,May 27,Monday,22:57,meh,board-games | family | meeting | tea | dentist | party | swim | walk | gardening | yoga | commute,Sleep quality: 5/5,,Started the morning with bit of a struggle with motivation. Not much else to report. Ended up slow start but it picked up. Grateful for the small things. Managed to get through nice evening cooking dinner. Could have been better honestly.
2024-05-28,May 28,Tuesday,22:06,good,car-maintenance | concert | gardening | run | guitar | tea | swim | bike | yoga | music | meditation | commute,Sleep quality: 2/5,,Had a quiet day at home. Could have been better honestly.
2024-05-29,May 29,Wednesday,21:18,rad,baking | run | walk | coffee | laundry | haircut | gardening | call-family | cooking | yoga,Sleep quality: 5/5,,Feeling like bit of a struggle with motivation. Hoping next week is calmer. Spent most of the day tired but satisfied kind of day. Need more sleep tonight. Started the morning with quiet day at home. Looking forward to tomorrow.
2024-05-30,May 30,Thursday,20:27,good,journaling | haircut | language-practice | laundry | concert | car-maintenance | groceries | museum | doctor | date-night | podcast | yoga,Sleep quality: 2/5,,Managed to get through quiet day at home. Could have been better honestly.
2024-05-31,May 31,Friday,19:06,meh,walk | dentist | work | coffee | date-night | swim | run | friends | cooking | yoga | commute,Sleep quality: 5/5,,
2024-06-01,June 1,Saturday,20:03,good,doctor | movie | gym | meeting | friends | wine | concert | coffee | travel | laundry | yoga | commute,Sleep quality: 5/5,,
2024-06-02,June 2,Sunday,22:16,good,laundry | budgeting | work | coffee | rain | haircut | commute,Sleep quality: 2/5,,Managed to get through nice evening cooking dinner. Grateful for the small things. Feeling like nice evening cooking dinner. Grateful for the small things.
2024-06-03,June 3,Monday,02:04,good,party | laundry | travel | yoga | cooking | sunny | podcast | journaling | commute,Sleep quality: 5/5,,A pretty catch-up with an old friend. Could have been better honestly. Spent most of the day quiet day at home. Need more sleep tonight. Had a catch-up with an old friend. Not much else to report.
2024-06-04,June 4,Tuesday,19:41,meh,baking | coffee | cooking | volunteering | yoga,Sleep quality: 4/5,,
2024-06-05,June 5,Wednesday,21:13,good,concert | guitar | cooking | language-practice | coffee | travel | friends | museum | meeting | yoga | commute,Sleep quality: 4/5,,Started the morning with busy day running errands. Could have been better honestly. Feeling like relaxing afternoon with a book. Hoping next week is calmer. Started the morning with busy day running errands. Not much else to report.
2024-06-06,June 6,Thursday,21:13,bad,call-family | shopping | podcast | rain | board-games | sunny | laundry | yoga | commute,Sleep quality: 1/5,,
2024-06-07,June 7,Friday,19:28,good,shopping | rain | groceries | walk | volunteering | yoga,Sleep quality: 4/5,,Managed to get through bit of a struggle with motivation. Hoping next week is calmer.
2024-06-08,June 8,Saturday,19:57,meh,movie | nap | date-night | tea | yoga | commute | friends | rain | bike | museum | swim,Sleep quality: 3/5,,Spent most of the day tired but satisfied kind of day. Could have been better honestly.
2024-06-09,June 9,Sunday,20:30,meh,gardening | date-night | haircut | run | journaling | movie | concert | sunny | tea | yoga | commute,Sleep quality: 3/5,,Ended up quiet day at home. Grateful for the small things. Spent most of the day catch-up with an old friend. Looking forward to tomorrow.
2024-06-10,June 10,Monday,22:13,good,laundry | guitar | cooking | sketching | date-night | baking | board-games | music | travel | yoga | commute,Sleep quality: 3/5,,
2024-06-11,June 11,Tuesday,19:27,good,sunny | cleaning | yoga | travel | reading | coffee | meeting | commute,Sleep quality: 3/5,,A pretty fun night out that lifted my mood. Need more sleep tonight. Managed to get through nice evening cooking dinner. Could have been better honestly. A pretty good session at work. Grateful for the small things.
2024-06-12,June 12,Wednesday,02:22,bad,run | gym | call-family | baking | commute | dentist | walk | party,Sleep quality: 4/5,,
2024-06-13,June 13,Thursday,20:50,good,gardening | baking | party | journaling | family | rain | nap | laundry | work | meeting | yoga,Sleep quality: 4/5,,Started the morning with slow start but it picked up. Grateful for the small things.
2024-06-14,June 14,Friday,23:36,meh,budgeting | haircut | work | cooking | doctor | wine | party | commute,Sleep quality: 4/5,,
2024-06-15,June 15,Saturday,22:28,good,swim | budgeting | work | wine | yoga | commute,Sleep quality: 2/5,,Spent most of the day slow start but it picked up. Could have been better honestly. Feeling like busy day running errands. Could have been better honestly.
2024-06-16,June 16,Sunday,03:18,good,sketching | volunteering | swim | family | nap | shopping | tea | commute,Sleep quality: 5/5,,Spent most of the day relaxing afternoon with a book. Need more sleep tonight.
2024-06-17,June 17,Monday,21:32,good,family | cooking | nap | board-games | doctor | travel | sketching | reading | hike,Sleep quality: 1/5,,A pretty bit of a struggle with motivation. Overall a decent day. Had a long walk that helped clear my head. Grateful for the small things.
2024-06-18,June 18,Tuesday,23:27,good,movie | nap | board-games,Sleep quality: 2/5,,
2024-06-19,June 19,Wednesday,00:53,good,party | bike | budgeting | meeting | language-practice | gym | doctor | baking | meditation | yoga,Sleep quality: 4/5,,
2024-06-20,June 20,Thursday,20:20,good,family | concert | wine | yoga,Sleep quality: 1/5,,Had a nice evening cooking dinner. Hoping next week is calmer. A pretty relaxing afternoon with a book. Grateful for the small things. Had a quiet day at home. Need more sleep tonight.
2024-06-21,June 21,Friday,21:32,meh,music | baking | nap | budgeting | concert | tea | party | board-games | yoga,Sleep quality: 4/5,,
2024-06-22,June 22,Saturday,22:29,good,movie | dentist | guitar | groceries | work | coffee | board-games | laundry,Sleep quality: 3/5,,Started the morning with fun night out that lifted my mood. Hoping next week is calmer. Spent most of the day fun night out that lifted my mood. Could have been better honestly. Today was long walk that helped clear my head. Need more sleep tonight.
2024-06-23,June 23,Sunday,22:05,good,work | baking | walk | party | movie,Sleep quality: 4/5,,Had a stressful meeting that ran long. Need more sleep tonight.
2024-06-25,June 25,Tuesday,23:02,good,run | podcast | meeting | nap | museum | meditation | yoga,Sleep quality: 2/5,,Feeling like fun night out that lifted my mood. Overall a decent day.
2024-06-26,June 26,Wednesday,22:21,good,volunteering | journaling | guitar | yoga | cooking | rain | commute | reading,Sleep quality: 2/5,,Today was busy day running errands. Not much else to report.
2024-06-27,June 27,Thursday,23:52,good,dentist | movie | walk | party | family | call-family | bike | rain | doctor | nap | commute,Sleep quality: 1/5,,Managed to get through stressful meeting that ran long. Grateful for the small things.
2024-06-28,June 28,Friday,20:51,good,baking | language-practice | volunteering | meeting | date-night | laundry | car-maintenance | cleaning | podcast | coffee | yoga | commute,Sleep quality: 4/5,,Started the morning with tired but satisfied kind of day. Not much else to report. Today was relaxing afternoon with a book. Could have been better honestly. Spent most of the day quiet day at home. Need more sleep tonight.
2024-06-29,June 29,Saturday,20:36,meh,shopping | meeting | volunteering | call-family | gardening | yoga,Sleep quality: 4/5,,Ended up bit of a struggle with motivation. Overall a decent day. Today was long walk that helped clear my head. Not much else to report.
2024-06-30,June 30,Sunday,19:28,good,haircut | shopping | wine | car-maintenance | tea | bike | laundry | yoga | commute,Sleep quality: 5/5,,
2024-07-01,July 1,Monday,23:25,good,journaling | party | tea | gym | podcast | sunny | date-night | hike,Sleep quality: 4/5,,Feeling like fun night out that lifted my mood. Looking forward to tomorrow.
2024-07-02,July 2,Tuesday,20:36,good,nap | friends | gym | movie | doctor | baking | bike | gardening | wine | volunteering | yoga | commute,Sleep quality: 3/5,,Had a good session at work. Grateful for the small things. Spent most of the day catch-up with an old friend. Could have been better honestly.
2024-07-03,July 3,Wednesday,05:32,good,date-night | nap | volunteering | language-practice | budgeting | commute,Sleep quality: 3/5,,Had a nice evening cooking dinner. Trying to keep a steady routine. Had a fun night out that lifted my mood. Need more sleep tonight.
2024-07-05,July 5,Friday,19:54,meh,car-maintenance | work | commute | dentist | wine | date-night | groceries | museum | yoga,Sleep quality: 5/5,,
2024-07-06,July 6,Saturday,23:18,good,meeting | language-practice | tea | walk | board-games | movie | run | groceries | gardening | shopping | work | commute,Sleep quality: 2/5,,
2024-07-07,July 7,Sunday,22:43,meh,coffee | travel | museum | bike | car-maintenance | budgeting | gardening | yoga | commute,Sleep quality: 2/5,,
2024-07-08,July 8,Monday,03:37,good,sketching | gym | dentist | music | movie | shopping | coffee | commute,Sleep quality: 1/5,,Feeling like nice evening cooking dinner. Trying to keep a steady routine. Today was tired but satisfied kind of day. Overall a decent day.
2024-07-09,July 9,Tuesday,21:35,meh,movie | nap | guitar | date-night,Sleep quality: 1/5,,
2024-07-10,July 10,Wednesday,19:08,meh,guitar | coffee | shopping | bike | music | call-family | commute,Sleep quality: 4/5,,
2024-07-11,July 11,Thursday,19:18,bad,bike | call-family | reading | museum | board-games | party | walk | gardening | cleaning | family | car-maintenance | commute,Sleep quality: 3/5,,Started the morning with good session at work. Could have been better honestly.
2024-07-12,July 12,Friday,21:58,meh,party | groceries | guitar | gardening | cleaning | concert | yoga | commute,Sleep quality: 2/5,,Started the morning with busy day running errands. Need more sleep tonight. Today was slow start but it picked up. Could have been better honestly.
2024-07-13,July 13,Saturday,19:18,bad,meeting | budgeting | run | commute | groceries | nap,Sleep quality: 5/5,,
2024-07-14,July 14,Sunday,23:20,meh,journaling | meeting | family | rain | tea | haircut | shopping | coffee | commute,Sleep quality: 5/5,,Feeling like catch-up with an old friend. Trying to keep a steady routine. Ended up slow start but it picked up. Hoping next week is calmer.
2024-07-15,July 15,Monday,19:01,good,coffee | tea | rain | work | cleaning | cooking,Sleep quality: 1/5,,
2024-07-16,July 16,Tuesday,22:20,good,groceries | journaling | gardening | travel | sketching | commute,Sleep quality: 2/5,,
2024-07-17,July 17,Wednesday,00:26,good,shopping | run | rain | museum | sunny | guitar | meditation | yoga | commute,Sleep quality: 4/5,,Managed to get through nice evening cooking dinner. Need more sleep tonight. Ended up fun night out that lifted my mood. Not much else to report. Managed to get through slow start but it picked up. Could have been better honestly.
2024-07-18,July 18,Thursday,20:11,rad,journaling | work | car-maintenance | swim | family | coffee | bike | date-night | commute,Sleep quality: 5/5,,Today was catch-up with an old friend. Grateful for the small things.
2024-07-19,July 19,Friday,19:15,awful,coffee | journaling | gardening | family | volunteering | haircut | gym | meditation | yoga,Sleep quality: 1/5,,Spent most of the day stressful meeting that ran long. Hoping next week is calmer.
2024-07-20,July 20,Saturday,21:46,good,coffee | friends | cleaning | museum | podcast | meditation | commute,Sleep quality: 2/5,,Today was relaxing afternoon with a book. Overall a decent day. Feeling like productive stretch of focused work. Overall a decent day.
2024-07-21,July 21,Sunday,19:15,good,party | nap | coffee | cooking | car-maintenance | rain | sketching | swim | podcast | yoga | commute,Sleep quality: 2/5,,
2024-07-22,July 22,Monday,20:45,good,car-maintenance | date-night | walk | podcast | wine | party | rain | tea | friends | yoga | commute,Sleep quality: 2/5,,Had a slow start but it picked up. Hoping next week is calmer.
2024-07-23,July 23,Tuesday,19:12,good,movie | swim | shopping | commute | sunny,Sleep quality: 4/5,,Managed to get through bit of a struggle with motivation. Grateful for the small things. Managed to get through relaxing afternoon with a book. Hoping next week is calmer. Started the morning with bit of a struggle with motivation. Hoping next week is calmer.
2024-07-24,July 24,Wednesday,03:58,meh,laundry | tea | call-family | run | meditation | yoga,Sleep quality: 3/5,,Had a fun night out that lifted my mood. Looking forward to tomorrow. Today was bit of a struggle with motivation. Overall a decent day. Spent most of the day fun night out that lifted my mood. Hoping next week is calmer.
2024-07-25,July 25,Thursday,21:14,good,groceries | coffee | wine | sunny | gaming | shopping | cleaning | language-practice,Sleep quality: 1/5,,Today was fun night out that lifted my mood. Looking forward to tomorrow. Feeling like bit of a struggle with motivation. Could have been better honestly.
2024-07-26,July 26,Friday,19:16,bad,coffee | wine | meeting | cooking | dentist | doctor | volunteering | date-night | laundry | commute,Sleep quality: 2/5,,Started the morning with tired but satisfied kind of day. Looking forward to tomorrow.
2024-07-27,July 27,Saturday,19:51,meh,gardening | rain | language-practice | commute,Sleep quality: 5/5,,
2024-07-28,July 28,Sunday,06:01,meh,volunteering | sketching | guitar | doctor | board-games | work | groceries | car-maintenance | bike | yoga,Sleep quality: 1/5,,Had a long walk that helped clear my head. Overall a decent day.
2024-07-29,July 29,Monday,19:44,good,journaling | date-night | haircut | sketching | concert | run | volunteering | yoga,Sleep quality: 1/5,,A pretty nice evening cooking dinner. Overall a decent day. Managed to get through stressful meeting that ran long. Looking forward to tomorrow.
2024-07-30,July 30,Tuesday,21:15,good,commute | cooking | podcast | run | music | swim | rain | work | museum | sunny | yoga,Sleep quality: 1/5,,
2024-07-31,July 31,Wednesday,19:58,good,coffee | doctor | call-family | tea | museum | music | meditation | yoga | commute,Sleep quality: 2/5,,A pretty good session at work. Need more sleep tonight.
2024-08-01,August 1,Thursday,19:25,meh,journaling | call-family | volunteering | swim | language-practice | concert | guitar | car-maintenance | yoga | commute,Sleep quality: 5/5,,
2024-08-02,August 2,Friday,21:16,meh,gym | podcast | rain | coffee | yoga | commute,Sleep quality: 4/5,,Managed to get through busy day running errands. Need more sleep tonight. Had a stressful meeting that ran long. Overall a decent day.
2024-08-03,August 3,Saturday,21:48,meh,family | music | meeting | yoga | podcast | cleaning | language-practice,Sleep quality: 5/5,,
2024-08-04,August 4,Sunday,23:01,meh,coffee | family | wine | commute,Sleep quality: 5/5,,
2024-08-05,August 5,Monday,23:41,good,work | language-practice | car-maintenance | date-night | groceries | walk | baking | yoga,Sleep quality: 4/5,,Spent most of the day good session at work. Trying to keep a steady routine. Today was slow start but it picked up. Could have been better honestly.
2024-08-06,August 6,Tuesday,21:29,rad,commute | dentist | nap | board-games | run | journaling | sunny | meeting | gardening | tea | groceries | gaming,Sleep quality: 2/5,,Ended up nice evening cooking dinner. Grateful for the small things. Feeling like fun night out that lifted my mood. Could have been better honestly. Spent most of the day tired but satisfied kind of day. Grateful for the small things.
2024-08-07,August 7,Wednesday,21:41,bad,bike | friends | yoga | guitar | shopping | run | call-family | rain | budgeting | meditation | commute,Sleep quality: 3/5,,Feeling like good session at work. Looking forward to tomorrow.
2024-08-08,August 8,Thursday,21:43,good,meeting | haircut | party | family | rain | friends | doctor | date-night | work | bike | yoga,Sleep quality: 1/5,,Feeling like nice evening cooking dinner. Overall a decent day.
2024-08-10,August 10,Saturday,21:35,good,sunny | shopping | coffee | dentist | cleaning | yoga | podcast | groceries | party,Sleep quality: 1/5,,Managed to get through good session at work. Could have been better honestly.
2024-08-11,August 11,Sunday,21:00,meh,cooking | language-practice | wine | gardening | sketching | walk | podcast | cleaning | nap | travel | commute,Sleep quality: 4/5,,Managed to get through quiet day at home. Hoping next week is calmer.
2024-08-12,August 12,Monday,20:47,good,music | travel | volunteering | party | swim | language-practice | budgeting | laundry | commute | groceries | yoga,Sleep quality: 3/5,,
2024-08-13,August 13,Tuesday,22:04,good,laundry | commute | language-practice | museum | yoga,Sleep quality: 2/5,,
2024-08-14,August 14,Wednesday,20:17,rad,family | sketching | volunteering | reading | rain | doctor | nap | meditation | yoga | commute,Sleep quality: 3/5,,
2024-08-15,August 15,Thursday,22:22,meh,friends | travel | cleaning | baking | sketching | podcast | museum | music | yoga | commute,Sleep quality: 2/5,,A pretty tired but satisfied kind of day. Could have been better honestly. Spent most of the day bit of a struggle with motivation. Need more sleep tonight. Had a busy day running errands. Not much else to report.
2024-08-16,August 16,Friday,20:37,good,sunny | baking | volunteering | call-family,Sleep quality: 5/5,,Spent most of the day stressful meeting that ran long. Need more sleep tonight. Spent most of the day fun night out that lifted my mood. Need more sleep tonight. Feeling like quiet day at home. Need more sleep tonight.
2024-08-18,August 18,Sunday,03:52,meh,party | swim | language-practice | date-night | wine | meeting | family | yoga | commute,Sleep quality: 1/5,,Had a fun night out that lifted my mood. Not much else to report.
2024-08-19,August 19,Monday,01:01,good,sketching | call-family | party | tea | journaling | museum | commute | yoga,Sleep quality: 4/5,,
2024-08-20,August 20,Tuesday,22:22,meh,travel | call-family | baking | reading | language-practice | gym | groceries | yoga,Sleep quality: 3/5,,Ended up quiet day at home. Need more sleep tonight.
2024-08-21,August 21,Wednesday,21:40,good,sunny | shopping | volunteering | doctor | party | friends | cooking | yoga | commute,Sleep quality: 4/5,,
2024-08-22,August 22,Thursday,23:08,good,nap | reading | gardening | coffee | cooking | car-maintenance | baking | dentist | gaming | yoga | commute,Sleep quality: 1/5,,Feeling like slow start but it picked up. Hoping next week is calmer. Started the morning with quiet day at home. Trying to keep a steady routine. Today was quiet day at home. Overall a decent day.
2024-08-24,August 24,Saturday,21:20,bad,run | friends | laundry | volunteering | rain | yoga,Sleep quality: 4/5,,Today was good session at work. Could have been better honestly. Ended up tired but satisfied kind of day. Trying to keep a steady routine. Managed to get through quiet day at home. Hoping next week is calmer.
2024-08-26,August 26,Monday,21:33,meh,nap | party | guitar | yoga | commute,Sleep quality: 1/5,,Spent most of the day slow start but it picked up. Overall a decent day. Ended up stressful meeting that ran long. Looking forward to tomorrow. Today was productive stretch of focused work. Could have been better honestly.
2024-08-27,August 27,Tuesday,20:53,bad,rain | dentist | groceries | cleaning | movie | budgeting | coffee | nap | friends | meeting | yoga | commute,Sleep quality: 5/5,,Managed to get through long walk that helped clear my head. Hoping next week is calmer. Spent most of the day relaxing afternoon with a book. Not much else to report. Managed to get through stressful meeting that ran long. Grateful for the small things.
2024-08-28,August 28,Wednesday,22:26,meh,laundry | music | meeting | work | bike | run | cooking | yoga | commute,Sleep quality: 5/5,,Today was relaxing afternoon with a book. Grateful for the small things. Spent most of the day fun night out that lifted my mood. Not much else to report. Had a slow start but it picked up. Need more sleep tonight.
2024-08-30,August 30,Friday,06:05,good,budgeting | friends | wine | meeting | car-maintenance | baking | yoga | sketching | music | commute,Sleep quality: 4/5,,Feeling like quiet day at home. Grateful for the small things. Feeling like tired but satisfied kind of day. Need more sleep tonight. Started the morning with slow start but it picked up. Need more sleep tonight.
2024-08-31,August 31,Saturday,22:37,good,doctor | haircut | journaling | gardening | coffee | wine | shopping | commute,Sleep quality: 3/5,,Ended up slow start but it picked up. Looking forward to tomorrow. Today was nice evening cooking dinner. Could have been better honestly. Ended up tired but satisfied kind of day. Overall a decent day.
2024-09-01,September 1,Sunday,21:14,good,run | journaling | tea | dentist | movie | guitar | language-practice | cooking | yoga | commute,Sleep quality: 5/5,,Ended up quiet day at home. Overall a decent day. A pretty nice evening cooking dinner. Need more sleep tonight.
2024-09-02,September 2,Monday,21:32,good,gaming | tea | volunteering | swim | call-family | shopping | travel | work | music | doctor | guitar | yoga | commute,Sleep quality: 3/5,,
2024-09-03,September 3,Tuesday,22:23,meh,guitar | car-maintenance | haircut | call-family | coffee | yoga | commute,Sleep quality: 5/5,,
2024-09-04,September 4,Wednesday,19:19,rad,cooking | commute | laundry | museum | music | volunteering,Sleep quality: 4/5,,Ended up fun night out that lifted my mood. Hoping next week is calmer.
2024-09-05,September 5,Thursday,23:13,good,swim | doctor | dentist | car-maintenance | rain | shopping | baking | work | gym | board-games | museum | commute,Sleep quality: 5/5,,A pretty slow start but it picked up. Hoping next week is calmer. Ended up quiet day at home. Not much else to report. Managed to get through quiet day at home. Grateful for the small things.
2024-09-06,September 6,Friday,20:17,good,car-maintenance | language-practice | date-night | volunteering | doctor | sketching | cooking | gaming | yoga | commute,Sleep quality: 1/5,,
2024-09-07,September 7,Saturday,03:56,good,rain | gym | call-family | haircut | car-maintenance | party | deep-work | yoga | commute,Sleep quality: 4/5,,Today was slow start but it picked up. Trying to keep a steady routine.
2024-09-08,September 8,Sunday,22:37,good,journaling | date-night | movie | friends | commute | music | rain | baking | cleaning | deep-work,Sleep quality: 1/5,,Spent most of the day productive stretch of focused work. Not much else to report. A pretty fun night out that lifted my mood. Could have been better honestly.
2024-09-09,September 9,Monday,22:10,good,haircut | walk | podcast | groceries | deep-work | yoga | commute,Sleep quality: 2/5,,Started the morning with fun night out that lifted my mood. Hoping next week is calmer. Started the morning with catch-up with an old friend. Could have been better honestly.
2024-09-10,September 10,Tuesday,22:58,good,family | reading | commute | groceries | doctor | deep-work | yoga,Sleep quality: 4/5,,Had a stressful meeting that ran long. Looking forward to tomorrow. Managed to get through tired but satisfied kind of day. Need more sleep tonight. Ended up fun night out that lifted my mood. Overall a decent day.
2024-09-11,September 11,Wednesday,22:05,bad,friends | journaling | meeting | language-practice | reading | deep-work | yoga,Sleep quality: 2/5,,A pretty long walk that helped clear my head. Overall a decent day.
2024-09-12,September 12,Thursday,19:43,meh,sunny | bike | date-night | meeting | deep-work | yoga | commute,Sleep quality: 1/5,,A pretty stressful meeting that ran long. Hoping next week is calmer. Today was fun night out that lifted my mood. Grateful for the small things.
2024-09-13,September 13,Friday,19:19,good,sketching | dentist | doctor | journaling | cooking | gym | deep-work | yoga,Sleep quality: 5/5,,
2024-09-14,September 14,Saturday,23:39,good,gym | yoga | movie | car-maintenance | cooking | date-night | party | travel | wine | deep-work,Sleep quality: 1/5,,Managed to get through busy day running errands. Need more sleep tonight. Today was tired but satisfied kind of day. Overall a decent day.
2024-09-15,September 15,Sunday,19:18,meh,cleaning | board-games | movie | journaling | bike | swim | rain | deep-work | commute,Sleep quality: 2/5,,
2024-09-16,September 16,Monday,19:53,meh,reading | family | shopping | sketching | rain | sunny | date-night | deep-work | meditation | yoga | commute,Sleep quality: 2/5,,Managed to get through good session at work. Need more sleep tonight. Ended up slow start but it picked up. Trying to keep a steady routine. Managed to get through slow start but it picked up. Trying to keep a steady routine.
2024-09-17,September 17,Tuesday,19:44,good,commute | travel | call-family | meeting | cleaning | bike | deep-work | gaming | yoga,Sleep quality: 5/5,,Ended up tired but satisfied kind of day. Grateful for the small things.
2024-09-18,September 18,Wednesday,20:54,bad,budgeting | wine | sketching | bike | reading | gym | commute | doctor | journaling | volunteering | deep-work | meditation,Sleep quality: 4/5,,A pretty long walk that helped clear my head. Looking forward to tomorrow. Managed to get through fun night out that lifted my mood. Looking forward to tomorrow. Ended up tired but satisfied kind of day. Overall a decent day.
2024-09-19,September 19,Thursday,21:04,meh,nap | shopping | dentist | baking | language-practice | deep-work,Sleep quality: 2/5,,Ended up bit of a struggle with motivation. Could have been better honestly. Ended up good session at work. Hoping next week is calmer.
2024-09-20,September 20,Friday,19:50,good,concert | podcast | music | deep-work | yoga | commute,Sleep quality: 4/5,,
2024-09-21,September 21,Saturday,21:11,good,car-maintenance | laundry | commute | reading | coffee | run | deep-work | meditation,Sleep quality: 5/5,,Feeling like catch-up with an old friend. Grateful for the small things.
2024-09-22,September 22,Sunday,21:30,good,shopping | call-family | budgeting | date-night | reading | bike | family | deep-work | yoga | commute,Sleep quality: 3/5,,
2024-09-23,September 23,Monday,22:40,good,sunny | family | wine | budgeting | museum | podcast | shopping | deep-work | yoga | commute,Sleep quality: 4/5,,Today was catch-up with an old friend. Need more sleep tonight. Had a quiet day at home. Looking forward to tomorrow. A pretty stressful meeting that ran long. Overall a decent day.
2024-09-24,September 24,Tuesday,21:03,good,travel | wine | reading | shopping | date-night | bike | deep-work | commute,Sleep quality: 4/5,,
2024-09-25,September 25,Wednesday,20:09,meh,family | museum | car-maintenance | rain | deep-work | gaming | meditation | yoga,Sleep quality: 2/5,,
2024-09-26,September 26,Thursday,20:54,good,bike | coffee | nap | language-practice | deep-work | yoga | commute,Sleep quality: 5/5,,Spent most of the day slow start but it picked up. Not much else to report. Ended up long walk that helped clear my head. Could have been better honestly.
2024-09-27,September 27,Friday,21:49,good,podcast | reading | gym | museum | deep-work | commute,Sleep quality: 5/5,,Today was catch-up with an old friend. Looking forward to tomorrow. Ended up stressful meeting that ran long. Hoping next week is calmer.
2024-09-28,September 28,Saturday,01:58,good,car-maintenance | sunny | shopping | date-night | cleaning | deep-work | yoga,Sleep quality: 2/5,,Feeling like nice evening cooking dinner. Not much else to report.
2024-09-29,September 29,Sunday,22:55,good,concert | volunteering | call-family | sketching | gym | doctor | meeting | rain | baking | deep-work | commute,Sleep quality: 2/5,,Started the morning with busy day running errands. Looking forward to tomorrow. Spent most of the day long walk that helped clear my head. Grateful for the small things.
2024-09-30,September 30,Monday,21:33,meh,wine | call-family | shopping | rain | concert | journaling | deep-work | yoga | commute,Sleep quality: 1/5,,Ended up nice evening cooking dinner. Trying to keep a steady routine. Ended up catch-up with an old friend. Could have been better honestly.
2024-10-01,October 1,Tuesday,19:13,bad,cooking | bike | work | wine | party | haircut | cleaning | deep-work | yoga | commute,Sleep quality: 5/5,,Spent most of the day busy day running errands. Looking forward to tomorrow. Today was productive stretch of focused work. Hoping next week is calmer. Today was slow start but it picked up. Grateful for the small things.
2024-10-02,October 2,Wednesday,19:32,good,sunny | gym | call-family | gardening | doctor | travel | yoga | deep-work | meditation,Sleep quality: 5/5,,Ended up catch-up with an old friend. Grateful for the small things.
2024-10-03,October 3,Thursday,22:48,good,doctor | reading | museum | cleaning | deep-work | hike | yoga,Sleep quality: 5/5,,
2024-10-04,October 4,Friday,19:56,meh,baking | gardening | music | walk | swim | groceries | guitar | journaling | work | deep-work,Sleep quality: 3/5,,Spent most of the day nice evening cooking dinner. Hoping next week is calmer. Managed to get through nice evening cooking dinner. Could have been better honestly.
2024-10-05,October 5,Saturday,20:37,good,bike | language-practice | dentist | gardening | sketching | laundry | reading | car-maintenance | movie | music | family | deep-work | yoga | commute,Sleep quality: 5/5,,
2024-10-06,October 6,Sunday,22:39,good,call-family | dentist | haircut | deep-work | commute,Sleep quality: 1/5,,
2024-10-07,October 7,Monday,23:08,meh,walk | sketching | museum | friends | board-games | party | music | deep-work | yoga,Sleep quality: 3/5,,
2024-10-08,October 8,Tuesday,22:57,meh,work | journaling | date-night | volunteering | groceries | gym | sunny | rain | board-games | swim | deep-work | yoga | commute,Sleep quality: 5/5,,Had a nice evening cooking dinner. Could have been better honestly. Spent most of the day productive stretch of focused work. Grateful for the small things. Ended up stressful meeting that ran long. Not much else to report.
2024-10-09,October 9,Wednesday,23:51,good,journaling | language-practice | concert | laundry | budgeting | deep-work,Sleep quality: 4/5,,
2024-10-10,October 10,Thursday,19:26,good,dentist | call-family | guitar | board-games | work | concert | gardening | deep-work | commute,Sleep quality: 4/5,,Managed to get through fun night out that lifted my mood. Looking forward to tomorrow. Ended up tired but satisfied kind of day. Trying to keep a steady routine.
2024-10-11,October 11,Friday,23:27,meh,guitar | run | gardening | museum | deep-work | yoga,Sleep quality: 1/5,,Spent most of the day quiet day at home. Grateful for the small things. Spent most of the day nice evening cooking dinner. Grateful for the small things. Feeling like tired but satisfied kind of day. Not much else to report.
2024-10-12,October 12,Saturday,23:32,bad,doctor | laundry | run | nap | language-practice | movie | walk | car-maintenance | sunny | deep-work | yoga,Sleep quality: 1/5,,
2024-10-13,October 13,Sunday,19:44,good,yoga | family | sunny | wine | laundry | movie | travel | deep-work | commute,Sleep quality: 5/5,,Managed to get through bit of a struggle with motivation. Hoping next week is calmer. Spent most of the day good session at work. Looking forward to tomorrow. Had a tired but satisfied kind of day. Not much else to report.
2024-10-14,October 14,Monday,21:08,good,dentist | haircut | laundry | commute | nap | rain | deep-work | yoga,Sleep quality: 3/5,,Today was long walk that helped clear my head. Hoping next week is calmer.
2024-10-15,October 15,Tuesday,19:33,good,date-night | guitar | rain | run | deep-work | commute,Sleep quality: 3/5,,Feeling like busy day running errands. Trying to keep a steady routine.
2024-10-16,October 16,Wednesday,21:42,meh,board-games | meeting | language-practice | cooking | travel | gym | sunny | party | bike | movie | deep-work | yoga,Sleep quality: 1/5,,Ended up catch-up with an old friend. Overall a decent day.
2024-10-17,October 17,Thursday,19:45,meh,laundry | baking | cleaning | party | guitar | gardening | swim | budgeting | sunny | dentist | family | deep-work | meditation | yoga,Sleep quality: 4/5,,Ended up stressful meeting that ran long. Grateful for the small things.
2024-10-18,October 18,Friday,23:14,meh,reading | sketching | yoga | gardening | bike | deep-work | commute,Sleep quality: 3/5,,
2024-10-19,October 19,Saturday,03:45,good,laundry | language-practice | date-night | rain | deep-work | meditation | commute,Sleep quality: 3/5,,Today was catch-up with an old friend. Grateful for the small things. Managed to get through relaxing afternoon with a book. Grateful for the small things. Started the morning with busy day running errands. Not much else to report.
2024-10-20,October 20,Sunday,19:06,meh,call-family | shopping | nap | swim | friends | volunteering | work | deep-work | yoga | commute,Sleep quality: 4/5,,
2024-10-21,October 21,Monday,22:27,meh,party | coffee | sunny | haircut | walk | language-practice | run | nap | shopping | deep-work | yoga | commute,Sleep quality: 4/5,,Had a tired but satisfied kind of day. Hoping next week is calmer.
2024-10-22,October 22,Tuesday,19:13,good,run | journaling | reading | board-games | cooking | walk | coffee | baking | party | gym | movie | deep-work | commute,Sleep quality: 5/5,,Spent most of the day busy day running errands. Overall a decent day. Today was nice evening cooking dinner. Looking forward to tomorrow.
2024-10-23,October 23,Wednesday,21:04,meh,guitar | baking | sunny | swim | call-family | museum | deep-work | yoga | commute,Sleep quality: 3/5,,Feeling like tired but satisfied kind of day. Looking forward to tomorrow.
2024-10-24,October 24,Thursday,23:27,rad,swim | sunny | guitar | reading | nap | family | museum | deep-work | yoga | commute,Sleep quality: 4/5,,Spent most of the day long walk that helped clear my head. Grateful for the small things. Feeling like fun night out that lifted my mood. Grateful for the small things.
2024-10-25,October 25,Friday,22:31,good,party | volunteering | groceries | haircut | movie | cleaning | cooking | deep-work | yoga,Sleep quality: 4/5,,Spent most of the day slow start but it picked up. Could have been better honestly. Feeling like good session at work. Looking forward to tomorrow.
2024-10-26,October 26,Saturday,06:15,good,friends | call-family | gym | cooking | groceries | journaling | deep-work | hike | yoga,Sleep quality: 3/5,,
2024-10-27,October 27,Sunday,21:39,good,bike | baking | journaling | gym | nap | rain | run | deep-work | commute,Sleep quality: 1/5,,Today was catch-up with an old friend. Grateful for the small things. Today was long walk that helped clear my head. Grateful for the small things. Ended up catch-up with an old friend. Hoping next week is calmer.
2024-10-28,October 28,Monday,22:55,meh,friends | budgeting | coffee | gardening | movie | cleaning | museum | wine | baking | tea | deep-work | meditation | yoga | commute,Sleep quality: 3/5,,
2024-10-29,October 29,Tuesday,19:23,good,sunny | swim | doctor | commute | gardening | museum | hike | deep-work | gaming,Sleep quality: 2/5,,
2024-10-30,October 30,Wednesday,22:08,good,cleaning | tea | journaling | reading | coffee | board-games | museum | meeting | deep-work | commute,Sleep quality: 5/5,,Today was busy day running errands. Not much else to report. A pretty catch-up with an old friend. Need more sleep tonight. Ended up long walk that helped clear my head. Overall a decent day.
2024-10-31,October 31,Thursday,23:30,bad,guitar | language-practice | yoga | run | nap | cleaning | cooking | deep-work | commute,Sleep quality: 1/5,,
2024-11-01,November 1,Friday,20:00,bad,rain | dentist | run | coffee | wine | volunteering | gym | walk | deep-work | commute,Sleep quality: 4/5,,Feeling like productive stretch of focused work. Trying to keep a steady routine. A pretty slow start but it picked up. Hoping next week is calmer. Started the morning with tired but satisfied kind of day. Looking forward to tomorrow.
2024-11-02,November 2,Saturday,22:29,bad,shopping | wine | gardening | movie | call-family | car-maintenance | cleaning | deep-work | commute,Sleep quality: 5/5,,Managed to get through slow start but it picked up. Not much else to report. Ended up good session at work. Looking forward to tomorrow.
2024-11-03,November 3,Sunday,19:19,meh,rain | work | groceries | nap | meeting | swim | movie | deep-work | yoga,Sleep quality: 3/5,,Spent most of the day relaxing afternoon with a book. Overall a decent day. Spent most of the day fun night out that lifted my mood. Hoping next week is calmer.
2024-11-04,November 4,Monday,19:50,good,work | haircut | volunteering | museum | cleaning | friends | deep-work | commute,Sleep quality: 3/5,,Ended up catch-up with an old friend. Need more sleep tonight. Spent most of the day slow start but it picked up. Hoping next week is calmer.
2024-11-05,November 5,Tuesday,20:15,meh,commute | cleaning | bike | baking | car-maintenance | haircut | shopping | swim | date-night | run | budgeting | deep-work | yoga,Sleep quality: 4/5,,A pretty productive stretch of focused work. Could have been better honestly.
2024-11-06,November 6,Wednesday,20:37,good,sunny | bike | board-games | budgeting | family | date-night | party | museum | doctor | deep-work | yoga,Sleep quality: 5/5,,
2024-11-07,November 7,Thursday,19:44,meh,tea | run | museum | meeting | friends | deep-work | meditation | yoga,Sleep quality: 3/5,,
2024-11-08,November 8,Friday,21:25,good,sunny | date-night | podcast | rain | run | baking | deep-work | yoga,Sleep quality: 4/5,,A pretty good session at work. Need more sleep tonight.
2024-11-09,November 9,Saturday,21:44,good,meditation | dentist | volunteering | meeting | deep-work | gaming | yoga | commute,Sleep quality: 2/5,,A pretty slow start but it picked up. Hoping next week is calmer. Feeling like fun night out that lifted my mood. Trying to keep a steady routine. Managed to get through quiet day at home. Looking forward to tomorrow.
2024-11-10,November 10,Sunday,23:58,meh,groceries | music | nap | laundry | cooking | reading | museum | movie | coffee | deep-work | commute,Sleep quality: 1/5,,Had a catch-up with an old friend. Not much else to report. A pretty nice evening cooking dinner. Trying to keep a steady routine.
2024-11-11,November 11,Monday,06:05,good,walk | meeting | sunny | yoga | deep-work | commute,Sleep quality: 2/5,,A pretty relaxing afternoon with a book. Trying to keep a steady routine. Feeling like stressful meeting that ran long. Not much else to report.
2024-11-12,November 12,Tuesday,23:25,good,travel | dentist | museum | deep-work | yoga | commute,Sleep quality: 4/5,,Today was productive stretch of focused work. Hoping next week is calmer. Ended up long walk that helped clear my head. Grateful for the small things.
2024-11-13,November 13,Wednesday,20:12,good,gardening | run | car-maintenance | deep-work | yoga,Sleep quality: 4/5,,Feeling like nice evening cooking dinner. Grateful for the small things.
2024-11-14,November 14,Thursday,21:11,meh,groceries | travel | cooking | swim | board-games | coffee | tea | party | laundry | journaling | deep-work | yoga,Sleep quality: 4/5,,Managed to get through long walk that helped clear my head. Looking forward to tomorrow.
2024-11-15,November 15,Friday,21:45,good,groceries | car-maintenance | laundry | movie | date-night | dentist | shopping | deep-work | yoga | commute,Sleep quality: 1/5,,Started the morning with good session at work. Need more sleep tonight. Had a slow start but it picked up. Looking forward to tomorrow. Ended up busy day running errands. Not much else to report.
2024-11-16,November 16,Saturday,20:06,meh,gym | rain | work | movie | music | family | dentist | shopping | deep-work | yoga | commute,Sleep quality: 5/5,,A pretty stressful meeting that ran long. Need more sleep tonight. Managed to get through good session at work. Looking forward to tomorrow. Started the morning with productive stretch of focused work. Looking forward to tomorrow.
2024-11-17,November 17,Sunday,22:38,good,swim | baking | laundry | journaling | concert | gym | shopping | deep-work | commute,Sleep quality: 3/5,,Spent most of the day quiet day at home. Looking forward to tomorrow. Started the morning with quiet day at home. Overall a decent day. Had a quiet day at home. Trying to keep a steady routine.
2024-11-18,November 18,Monday,19:07,good,coffee | dentist | cooking | music | movie | swim | family | deep-work | yoga | commute,Sleep quality: 1/5,,
2024-11-19,November 19,Tuesday,23:48,good,doctor | board-games | dentist | podcast | bike | wine | sunny | deep-work | meditation | yoga,Sleep quality: 4/5,,
2024-11-20,November 20,Wednesday,22:18,good,sketching | baking | wine | nap | shopping | gardening | board-games | volunteering | swim | doctor | deep-work | yoga,Sleep quality: 1/5,,Started the morning with stressful meeting that ran long. Need more sleep tonight.
2024-11-21,November 21,Thursday,20:56,bad,run | dentist | travel | gardening | rain | friends | sketching | wine | coffee | deep-work | commute,Sleep quality: 5/5,,
2024-11-22,November 22,Friday,23:10,good,gym | gardening | podcast | coffee | date-night | journaling | movie | deep-work | commute,Sleep quality: 5/5,,
2024-11-23,November 23,Saturday,21:10,good,walk | car-maintenance | volunteering | gym | date-night | dentist | rain | nap | tea | friends | deep-work | yoga,Sleep quality: 2/5,,Started the morning with bit of a struggle with motivation. Trying to keep a steady routine. Spent most of the day fun night out that lifted my mood. Grateful for the small things. Had a quiet day at home. Need more sleep tonight.
2024-11-24,November 24,Sunday,22:55,meh,run | date-night | party | volunteering | journaling | guitar | cooking | podcast | deep-work | hike | yoga | commute,Sleep quality: 2/5,,
2024-11-25,November 25,Monday,21:20,bad,cleaning | guitar | wine | journaling | volunteering | dentist | movie | tea | deep-work | yoga,Sleep quality: 2/5,,
2024-11-26,November 26,Tuesday,22:58,meh,car-maintenance | budgeting | nap | swim | coffee | museum | meeting | work | board-games | dentist | gym | deep-work | yoga | commute,Sleep quality: 5/5,,
2024-11-27,November 27,Wednesday,06:34,meh,music | doctor | dentist | rain | guitar | yoga | commute | journaling | run | deep-work,Sleep quality: 2/5,,Ended up long walk that helped clear my head. Grateful for the small things. Feeling like catch-up with an old friend. Need more sleep tonight.
2024-11-28,November 28,Thursday,19:53,good,museum | gym | music | sunny | run | gardening | haircut | work | guitar | deep-work | commute,Sleep quality: 2/5,,
2024-11-29,November 29,Friday,19:04,good,concert | reading | date-night | shopping | coffee | friends | travel | deep-work | yoga | commute,Sleep quality: 2/5,,
2024-11-30,November 30,Saturday,21:31,meh,travel | gardening | date-night | deep-work | commute,Sleep quality: 1/5,,A pretty catch-up with an old friend. Hoping next week is calmer.
2024-12-01,December 1,Sunday,19:14,good,movie | car-maintenance | bike | cooking | date-night | call-family | deep-work | yoga,Sleep quality: 2/5,,Spent most of the day good session at work. Trying to keep a steady routine.
2024-12-02,December 2,Monday,19:04,awful,cleaning | dentist | cooking | commute | board-games | laundry | budgeting | language-practice | deep-work | yoga,Sleep quality: 3/5,,A pretty productive stretch of focused work. Hoping next week is calmer. Had a productive stretch of focused work. Grateful for the small things.
2024-12-03,December 3,Tuesday,21:00,good,sketching | family | nap | swim | date-night | language-practice | friends | walk | deep-work | gaming | yoga | commute,Sleep quality: 5/5,,
2024-12-04,December 4,Wednesday,23:50,rad,tea | car-maintenance | wine | board-games | family | haircut | deep-work,Sleep quality: 4/5,,Spent most of the day catch-up with an old friend. Hoping next week is calmer. Ended up relaxing afternoon with a book. Not much else to report. Ended up bit of a struggle with motivation. Trying to keep a steady routine.
2024-12-05,December 5,Thursday,23:49,bad,bike | shopping | family | travel | deep-work | yoga | commute,Sleep quality: 2/5,,Managed to get through busy day running errands. Looking forward to tomorrow. Today was long walk that helped clear my head. Could have been better honestly.
2024-12-06,December 6,Friday,21:34,good,coffee | work | gym | reading | yoga | commute,Sleep quality: 1/5,,
2024-12-07,December 7,Saturday,05:59,good,concert | work | dentist | walk | nap | meeting | deep-work | yoga | commute,Sleep quality: 2/5,,A pretty long walk that helped clear my head. Could have been better honestly. Feeling like bit of a struggle with motivation. Need more sleep tonight. Had a slow start but it picked up. Grateful for the small things.
2024-12-08,December 8,Sunday,21:03,bad,reading | music | doctor | rain | deep-work | yoga | commute,Sleep quality: 1/5,,Started the morning with productive stretch of focused work. Trying to keep a steady routine.
2024-12-09,December 9,Monday,23:16,meh,gym | guitar | wine | cleaning | party | laundry | friends | meeting | rain | coffee | deep-work | hike | commute,Sleep quality: 4/5,,
2024-12-10,December 10,Tuesday,19:17,good,walk | movie | doctor | haircut | museum | deep-work | yoga | commute,Sleep quality: 2/5,,
2024-12-11,December 11,Wednesday,02:06,meh,baking | sunny | meeting | gardening | board-games | deep-work | yoga,Sleep quality: 3/5,,
2024-12-12,December 12,Thursday,19:58,meh,cleaning | shopping | baking | run | coffee | sketching | nap | party | work | deep-work | commute,Sleep quality: 5/5,,Today was good session at work. Hoping next week is calmer.
2024-12-13,December 13,Friday,19:05,meh,cleaning | tea | volunteering | travel | movie | swim | wine | gym | car-maintenance | meeting | deep-work | yoga | commute,Sleep quality: 1/5,,Spent most of the day catch-up with an old friend. Not much else to report. Ended up tired but satisfied kind of day. Hoping next week is calmer.
2024-12-14,December 14,Saturday,22:51,good,commute | sketching | reading | meeting | guitar | travel | movie | shopping | deep-work,Sleep quality: 1/5,,Spent most of the day quiet day at home. Trying to keep a steady routine.
2024-12-15,December 15,Sunday,22:31,meh,doctor | swim | cleaning | date-night | dentist | shopping | cooking | journaling | deep-work | commute,Sleep quality: 1/5,,Had a fun night out that lifted my mood. Hoping next week is calmer. Ended up catch-up with an old friend. Not much else to report. Spent most of the day long walk that helped clear my head. Trying to keep a steady routine.
2024-12-16,December 16,Monday,20:50,meh,concert | family | travel | date-night | deep-work | yoga | commute,Sleep quality: 1/5,,Feeling like busy day running errands. Not much else to report.
2024-12-17,December 17,Tuesday,19:47,awful,laundry | swim | run | dentist | language-practice | deep-work | gaming | yoga | commute,Sleep quality: 2/5,,Spent most of the day good session at work. Looking forward to tomorrow. Spent most of the day long walk that helped clear my head. Trying to keep a steady routine.
2024-12-18,December 18,Wednesday,19:29,good,family | party | commute | shopping | concert | sketching | laundry | language-practice | travel | guitar | deep-work | yoga,Sleep quality: 2/5,,
2024-12-19,December 19,Thursday,22:16,good,dentist | wine | date-night | deep-work | yoga,Sleep quality: 3/5,,
2024-12-20,December 20,Friday,20:33,good,nap | date-night | concert | podcast | sketching | deep-work | commute,Sleep quality: 3/5,,
2024-12-21,December 21,Saturday,22:06,good,budgeting | haircut | language-practice | deep-work,Sleep quality: 3/5,,
2024-12-22,December 22,Sunday,23:28,bad,swim | meditation | groceries | concert | deep-work,Sleep quality: 4/5,,Feeling like long walk that helped clear my head. Grateful for the small things.
2024-12-23,December 23,Monday,20:05,good,shopping | nap | date-night | sunny | deep-work | yoga | commute,Sleep quality: 3/5,,Today was nice evening cooking dinner. Hoping next week is calmer. Managed to get through relaxing afternoon with a book. Trying to keep a steady routine. Had a quiet day at home. Looking forward to tomorrow.
2024-12-24,December 24,Tuesday,21:00,bad,party | commute | board-games | coffee | cleaning | gym | deep-work | yoga,Sleep quality: 1/5,,Today was good session at work. Looking forward to tomorrow.
2024-12-25,December 25,Wednesday,21:52,good,reading | tea | board-games | podcast | budgeting | cooking | swim | deep-work | gaming | yoga | commute,Sleep quality: 3/5,,
2024-12-26,December 26,Thursday,03:57,good,wine | work | coffee | haircut | baking | budgeting | deep-work,Sleep quality: 5/5,,
2024-12-27,December 27,Friday,21:02,good,haircut | yoga | language-practice | gym | podcast | concert | party | car-maintenance | laundry | baking | deep-work | commute,Sleep quality: 2/5,,
2024-12-29,December 29,Sunday,22:08,meh,commute | music | yoga | meeting | shopping | museum | family | deep-work,Sleep quality: 3/5,,Spent most of the day good session at work. Not much else to report.
2024-12-30,December 30,Monday,21:31,good,gardening | language-practice | work | shopping | bike | party | call-family | deep-work,Sleep quality: 4/5,,Feeling like busy day running errands. Looking forward to tomorrow. Today was bit of a struggle with motivation. Hoping next week is calmer. Feeling like long walk that helped clear my head. Grateful for the small things.
2024-12-31,December 31,Tuesday,20:18,good,gardening | call-family | concert | bike | budgeting | shopping | sketching | friends | deep-work | yoga | commute,Sleep quality: 1/5,,
2025-01-01,January 1,Wednesday,21:33,meh,cooking | laundry | dentist | friends | bike | deep-work | meditation | yoga | commute,Sleep quality: 3/5,,Spent most of the day catch-up with an old friend. Grateful for the small things.
2025-01-02,January 2,Thursday,19:34,good,cooking | music | baking | bike | deep-work | gaming | hike,Sleep quality: 5/5,,Feeling like fun night out that lifted my mood. Could have been better honestly. Had a fun night out that lifted my mood. Hoping next week is calmer.
2025-01-03,January 3,Friday,22:35,good,swim | sketching | shopping | haircut | concert | board-games | tea | party | music | travel | groceries | deep-work | meditation | hike,Sleep quality: 5/5,,Started the morning with bit of a struggle with motivation. Looking forward to tomorrow.
2025-01-05,January 5,Sunday,05:56,good,sunny | guitar | car-maintenance | podcast | board-games | haircut | gardening | laundry | deep-work | commute,Sleep quality: 1/5,,Spent most of the day slow start but it picked up. Could have been better honestly. Had a busy day running errands. Grateful for the small things. Feeling like fun night out that lifted my mood. Trying to keep a steady routine.
2025-01-06,January 6,Monday,02:54,bad,run | volunteering | work | party | board-games | doctor | haircut | deep-work | gaming | commute,Sleep quality: 4/5,,Spent most of the day busy day running errands. Not much else to report. Ended up busy day running errands. Could have been better honestly. A pretty slow start but it picked up. Looking forward to tomorrow.
2025-01-07,January 7,Tuesday,21:29,good,nap | call-family | museum | party | deep-work | meditation,Sleep quality: 4/5,,Feeling like catch-up with an old friend. Grateful for the small things.
2025-01-08,January 8,Wednesday,20:08,meh,language-practice | guitar | sketching | baking | cleaning | gardening | bike | gaming | call-family | sunny | deep-work | yoga,Sleep quality: 1/5,,Started the morning with busy day running errands. Looking forward to tomorrow. Feeling like fun night out that lifted my mood. Trying to keep a steady routine. Ended up slow start but it picked up. Overall a decent day.
2025-01-09,January 9,Thursday,22:25,awful,nap | car-maintenance | family | cooking | deep-work | hike,Sleep quality: 3/5,,Managed to get through long walk that helped clear my head. Trying to keep a steady routine. A pretty slow start but it picked up. Grateful for the small things. Had a nice evening cooking dinner. Grateful for the small things.
2025-01-10,January 10,Friday,06:36,good,groceries | doctor | board-games | car-maintenance | dentist | concert | deep-work | gaming | hike,Sleep quality: 1/5,,Managed to get through slow start but it picked up. Grateful for the small things. Started the morning with long walk that helped clear my head. Need more sleep tonight.
2025-01-11,January 11,Saturday,21:29,meh,bike | party | volunteering | call-family | deep-work | commute,Sleep quality: 4/5,,Started the morning with productive stretch of focused work. Looking forward to tomorrow. Today was catch-up with an old friend. Looking forward to tomorrow.
2025-01-12,January 12,Sunday,22:58,meh,podcast | cooking | journaling | dentist | deep-work | meditation | commute,Sleep quality: 4/5,,Feeling like catch-up with an old friend. Looking forward to tomorrow. Ended up relaxing afternoon with a book. Overall a decent day.
2025-01-13,January 13,Monday,20:24,meh,volunteering | family | meeting | work | friends | dentist | gardening | sketching | haircut | budgeting | sunny | deep-work,Sleep quality: 3/5,,A pretty good session at work. Trying to keep a steady routine.
2025-01-14,January 14,Tuesday,22:12,good,bike | party | swim | cleaning | laundry | deep-work | gaming | hike,Sleep quality: 5/5,,Ended up fun night out that lifted my mood. Looking forward to tomorrow.
2025-01-15,January 15,Wednesday,21:38,bad,run | swim | dentist | baking | podcast | deep-work,Sleep quality: 4/5,,Feeling like fun night out that lifted my mood. Need more sleep tonight.
2025-01-16,January 16,Thursday,20:42,meh,cleaning | shopping | music | rain | sketching | friends | party | deep-work | meditation | yoga,Sleep quality: 3/5,,A pretty busy day running errands. Need more sleep tonight. Had a nice evening cooking dinner. Trying to keep a steady routine. Feeling like relaxing afternoon with a book. Trying to keep a steady routine.
2025-01-17,January 17,Friday,19:37,good,cooking | baking | budgeting | party | tea | reading | coffee | guitar | car-maintenance | haircut | deep-work | gaming,Sleep quality: 2/5,,Feeling like stressful meeting that ran long. Trying to keep a steady routine. Feeling like bit of a struggle with motivation. Looking forward to tomorrow. Spent most of the day relaxing afternoon with a book. Grateful for the small things.
2025-01-18,January 18,Saturday,00:16,good,cleaning | family | travel | guitar | nap | deep-work | hike | yoga | commute,Sleep quality: 4/5,,A pretty long walk that helped clear my head. Overall a decent day. A pretty slow start but it picked up. Hoping next week is calmer.
2025-01-19,January 19,Sunday,23:41,good,gardening | sketching | tea | board-games | nap | journaling | family | movie | doctor | deep-work | meditation | hike,Sleep quality: 2/5,,
2025-01-20,January 20,Monday,20:00,good,groceries | wine | sketching | dentist | tea | laundry | family | baking | guitar | volunteering | deep-work | hike,Sleep quality: 4/5,,
2025-01-21,January 21,Tuesday,21:03,good,bike | hike | doctor | music | deep-work | commute,Sleep quality: 1/5,,Managed to get through good session at work. Not much else to report. Spent most of the day catch-up with an old friend. Trying to keep a steady routine. Spent most of the day nice evening cooking dinner. Not much else to report.
2025-01-22,January 22,Wednesday,19:39,meh,journaling | shopping | haircut | yoga | gardening | concert | cleaning | groceries | deep-work | gaming | meditation | hike | commute,Sleep quality: 1/5,,Had a fun night out that lifted my mood. Hoping next week is calmer. Spent most of the day good session at work. Not much else to report.
2025-01-23,January 23,Thursday,20:43,bad,dentist | movie | baking | coffee | deep-work | hike | commute,Sleep quality: 2/5,,
2025-01-24,January 24,Friday,22:10,meh,gym | movie | call-family | concert | car-maintenance | deep-work | hike | yoga | commute,Sleep quality: 4/5,,Started the morning with quiet day at home. Hoping next week is calmer. Feeling like nice evening cooking dinner. Need more sleep tonight. Today was productive stretch of focused work. Trying to keep a steady routine.
2025-01-25,January 25,Saturday,22:29,bad,groceries | date-night | swim | commute | nap | family | run | cooking | rain | podcast | deep-work,Sleep quality: 5/5,,Had a stressful meeting that ran long. Looking forward to tomorrow. Had a good session at work. Need more sleep tonight. Had a productive stretch of focused work. Could have been better honestly.
2025-01-26,January 26,Sunday,20:35,good,meeting | sunny | groceries | board-games | deep-work | gaming | hike | commute,Sleep quality: 3/5,,
2025-01-27,January 27,Monday,20:26,good,gaming | swim | concert | meditation | deep-work,Sleep quality: 4/5,,
2025-01-28,January 28,Tuesday,21:28,good,run | meeting | doctor | bike | reading | deep-work | commute,Sleep quality: 3/5,,
2025-01-29,January 29,Wednesday,23:41,good,shopping | car-maintenance | movie | guitar | tea | journaling | rain | party | cooking | work | deep-work | gaming | yoga,Sleep quality: 1/5,,
2025-01-30,January 30,Thursday,22:50,meh,family | cooking | groceries | board-games | gym | movie | date-night | rain | travel | deep-work | meditation | yoga,Sleep quality: 5/5,,Today was tired but satisfied kind of day. Not much else to report.
2025-01-31,January 31,Friday,21:21,meh,language-practice | work | party | sketching | cleaning | shopping | friends | travel | deep-work | hike,Sleep quality: 1/5,,
2025-02-01,February 1,Saturday,20:42,bad,baking | shopping | work | date-night | sunny | family | party | deep-work | gaming | meditation | yoga,Sleep quality: 3/5,,A pretty long walk that helped clear my head. Not much else to report.
2025-02-02,February 2,Sunday,21:02,good,groceries | bike | meeting | sketching | baking | gardening | swim | gym | cooking | deep-work | commute,Sleep quality: 5/5,,Started the morning with stressful meeting that ran long. Hoping next week is calmer.
2025-02-03,February 3,Monday,00:19,meh,walk | board-games | gardening | work | podcast | reading | shopping | wine | swim | party | deep-work,Sleep quality: 2/5,,Had a relaxing afternoon with a book. Grateful for the small things.
2025-02-04,February 4,Tuesday,21:23,bad,groceries | gardening | concert | date-night | travel | bike | haircut | tea | deep-work | hike | commute,Sleep quality: 4/5,,A pretty relaxing afternoon with a book. Grateful for the small things. Today was fun night out that lifted my mood. Could have been better honestly.
2025-02-05,February 5,Wednesday,19:43,meh,gardening | work | swim | groceries | deep-work | hike | commute,Sleep quality: 5/5,,
2025-02-06,February 6,Thursday,21:30,good,volunteering | sunny | groceries | car-maintenance | cleaning | tea | music | gym | deep-work,Sleep quality: 1/5,,
2025-02-07,February 7,Friday,23:44,good,gardening | cooking | wine | party | sunny | deep-work,Sleep quality: 5/5,,A pretty stressful meeting that ran long. Need more sleep tonight.
2025-02-08,February 8,Saturday,19:20,good,work | sketching | coffee | reading | deep-work | gaming,Sleep quality: 4/5,,Had a stressful meeting that ran long. Overall a decent day.
2025-02-09,February 9,Sunday,05:48,good,groceries | wine | call-family | work | museum | coffee | budgeting | concert | deep-work | gaming | meditation,Sleep quality: 5/5,,Feeling like catch-up with an old friend. Need more sleep tonight. Started the morning with catch-up with an old friend. Trying to keep a steady routine. Started the morning with productive stretch of focused work. Trying to keep a steady routine.
2025-02-10,February 10,Monday,20:49,good,gym | travel | tea | family | friends | dentist | journaling | rain | yoga | deep-work | gaming | meditation | hike,Sleep quality: 4/5,,Started the morning with productive stretch of focused work. Looking forward to tomorrow. Spent most of the day tired but satisfied kind of day. Trying to keep a steady routine. Managed to get through good session at work. Trying to keep a steady routine.
2025-02-11,February 11,Tuesday,23:42,meh,dentist | doctor | journaling | music | deep-work | yoga | commute,Sleep quality: 3/5,,Today was productive stretch of focused work. Hoping next week is calmer. Managed to get through slow start but it picked up. Overall a decent day. Started the morning with good session at work. Could have been better honestly.
2025-02-12,February 12,Wednesday,23:20,meh,bike | work | gaming | date-night | travel | journaling | cooking | car-maintenance | deep-work | yoga,Sleep quality: 5/5,,
2025-02-13,February 13,Thursday,23:23,good,tea | travel | groceries | yoga | volunteering | guitar | wine | reading | swim | deep-work | commute,Sleep quality: 5/5,,
2025-02-14,February 14,Friday,06:43,bad,car-maintenance | groceries | podcast | bike | commute | coffee | board-games | doctor | gaming | meditation,Sleep quality: 2/5,,A pretty busy day running errands. Need more sleep tonight. Feeling like long walk that helped clear my head. Need more sleep tonight. Feeling like good session at work. Could have been better honestly.
2025-02-15,February 15,Saturday,20:15,good,language-practice | dentist | date-night | walk | wine | sketching | board-games | meditation | hike | yoga,Sleep quality: 4/5,,
2025-02-16,February 16,Sunday,23:43,good,sketching | run | family | budgeting | coffee | music | travel | cleaning | party | volunteering | call-family | gaming | hike,Sleep quality: 3/5,,Feeling like good session at work. Looking forward to tomorrow. Today was stressful meeting that ran long. Could have been better honestly. A pretty catch-up with an old friend. Looking forward to tomorrow.
2025-02-17,February 17,Monday,23:07,good,gaming | date-night | rain | wine | work | commute,Sleep quality: 3/5,,Had a catch-up with an old friend. Overall a decent day. Started the morning with good session at work. Could have been better honestly.
2025-02-18,February 18,Tuesday,22:17,meh,laundry | friends | car-maintenance | baking | budgeting | tea | podcast | movie | gaming | hike | commute,Sleep quality: 3/5,,
2025-02-19,February 19,Wednesday,21:32,good,date-night | budgeting | guitar | travel | family | party | board-games,Sleep quality: 2/5,,Today was good session at work. Looking forward to tomorrow.
2025-02-20,February 20,Thursday,20:58,good,meeting | tea | concert | call-family | walk,Sleep quality: 1/5,,Started the morning with catch-up with an old friend. Need more sleep tonight.
2025-02-21,February 21,Friday,02:27,bad,journaling | cooking | gym | gaming | rain | nap | swim | dentist | meditation | hike,Sleep quality: 2/5,,Today was relaxing afternoon with a book. Need more sleep tonight. Started the morning with tired but satisfied kind of day. Need more sleep tonight.
2025-02-22,February 22,Saturday,19:36,meh,friends | doctor | cleaning | hike,Sleep quality: 2/5,,
2025-02-23,February 23,Sunday,03:21,meh,podcast | concert | family | doctor | guitar | walk | movie | commute,Sleep quality: 3/5,,Had a relaxing afternoon with a book. Not much else to report. Started the morning with productive stretch of focused work. Need more sleep tonight. Feeling like fun night out that lifted my mood. Trying to keep a steady routine.
2025-02-24,February 24,Monday,19:08,good,gym | doctor | sketching | music | movie | bike | family | nap | cleaning | podcast | laundry | gaming | meditation,Sleep quality: 2/5,,Today was productive stretch of focused work. Hoping next week is calmer. Today was quiet day at home. Could have been better honestly. Ended up busy day running errands. Grateful for the small things.
2025-02-25,February 25,Tuesday,20:47,good,language-practice | walk | baking | guitar | wine | work | travel | gaming | hike | yoga,Sleep quality: 1/5,,Managed to get through catch-up with an old friend. Not much else to report. Today was good session at work. Hoping next week is calmer. Feeling like busy day running errands. Could have been better honestly.
2025-02-26,February 26,Wednesday,03:14,good,guitar | dentist | tea | gym | museum | podcast | hike,Sleep quality: 5/5,,Today was long walk that helped clear my head. Could have been better honestly.
2025-02-27,February 27,Thursday,22:38,good,concert | bike | budgeting | movie,Sleep quality: 5/5,,Spent most of the day catch-up with an old friend. Overall a decent day. A pretty busy day running errands. Looking forward to tomorrow. Spent most of the day nice evening cooking dinner. Overall a decent day.
2025-02-28,February 28,Friday,19:50,good,journaling | volunteering | walk | gym | date-night | haircut | laundry | run | language-practice | budgeting | nap | gaming | yoga,Sleep quality: 1/5,,Today was productive stretch of focused work. Trying to keep a steady routine.
2025-03-01,March 1,Saturday,22:39,good,coffee | museum | podcast | movie | cleaning | bike | board-games | meditation | yoga,Sleep quality: 5/5,,Managed to get through long walk that helped clear my head. Grateful for the small things. Spent most of the day stressful meeting that ran long. Need more sleep tonight.
2025-03-02,March 2,Sunday,19:18,good,work | cooking | haircut | car-maintenance | movie,Sleep quality: 3/5,,Spent most of the day productive stretch of focused work. Grateful for the small things. Had a bit of a struggle with motivation. Trying to keep a steady routine. Feeling like bit of a struggle with motivation. Trying to keep a steady routine.
2025-03-03,March 3,Monday,22:59,good,gardening | nap | journaling | cleaning | baking | friends | doctor | walk | gaming | yoga,Sleep quality: 3/5,,Started the morning with catch-up with an old friend. Looking forward to tomorrow. Started the morning with relaxing afternoon with a book. Could have been better honestly. Started the morning with long walk that helped clear my head. Could have been better honestly.
2025-03-04,March 4,Tuesday,06:42,good,rain | gym | coffee | laundry | concert | museum,Sleep quality: 1/5,,Today was nice evening cooking dinner. Looking forward to tomorrow. Spent most of the day bit of a struggle with motivation. Hoping next week is calmer.
2025-03-05,March 5,Wednesday,20:27,bad,travel | haircut | wine | meditation | hike | yoga,Sleep quality: 2/5,,Started the morning with long walk that helped clear my head. Grateful for the small things.
2025-03-06,March 6,Thursday,21:49,good,walk | baking | meeting | board-games | movie | meditation | hike,Sleep quality: 1/5,,Had a good session at work. Grateful for the small things. Started the morning with tired but satisfied kind of day. Could have been better honestly. Started the morning with quiet day at home. Need more sleep tonight.
2025-03-07,March 7,Friday,20:50,meh,haircut | wine | nap | cleaning | commute | movie | friends | run,Sleep quality: 5/5,,
2025-03-08,March 8,Saturday,21:07,good,sketching | budgeting | museum | travel | call-family | laundry | party | board-games | commute,Sleep quality: 1/5,,Had a productive stretch of focused work. Overall a decent day. A pretty nice evening cooking dinner. Trying to keep a steady routine.
2025-03-09,March 9,Sunday,21:25,good,family | baking | shopping | coffee | meditation,Sleep quality: 5/5,,Spent most of the day good session at work. Could have been better honestly. Started the morning with fun night out that lifted my mood. Looking forward to tomorrow.
2025-03-10,March 10,Monday,19:55,good,volunteering | gym | run | work | rain | cleaning | groceries | car-maintenance | language-practice | tea | baking | hike | yoga,Sleep quality: 4/5,,A pretty bit of a struggle with motivation. Overall a decent day. Today was busy day running errands. Could have been better honestly. Spent most of the day fun night out that lifted my mood. Trying to keep a steady routine.
2025-03-11,March 11,Tuesday,06:23,good,call-family | concert | travel,Sleep quality: 5/5,,A pretty stressful meeting that ran long. Grateful for the small things.
2025-03-12,March 12,Wednesday,21:34,meh,concert | family | movie | budgeting | journaling | work | tea | guitar | travel | laundry | gaming | hike,Sleep quality: 2/5,,Ended up catch-up with an old friend. Trying to keep a steady routine.
2025-03-13,March 13,Thursday,19:43,meh,journaling | groceries | laundry | work | party,Sleep quality: 1/5,,Managed to get through good session at work. Need more sleep tonight. Feeling like quiet day at home. Trying to keep a steady routine.
2025-03-14,March 14,Friday,20:06,good,concert | haircut | budgeting | commute | family | wine | rain | gaming | hike,Sleep quality: 4/5,,Managed to get through long walk that helped clear my head. Grateful for the small things. Managed to get through relaxing afternoon with a book. Not much else to report.
2025-03-15,March 15,Saturday,23:45,meh,wine | guitar | concert | laundry | gardening | call-family | run | work | board-games | shopping | meditation,Sleep quality: 4/5,,
2025-03-16,March 16,Sunday,20:07,meh,wine | hike | commute | volunteering | meditation | yoga,Sleep quality: 5/5,,
2025-03-17,March 17,Monday,20:25,good,hike | walk | run,Sleep quality: 1/5,,Managed to get through fun night out that lifted my mood. Need more sleep tonight. Started the morning with slow start but it picked up. Overall a decent day.
2025-03-18,March 18,Tuesday,20:41,meh,swim | family | tea | bike | car-maintenance | sketching | walk | shopping | yoga,Sleep quality: 3/5,,Had a bit of a struggle with motivation. Hoping next week is calmer. Today was long walk that helped clear my head. Grateful for the small things.
2025-03-19,March 19,Wednesday,20:51,good,journaling | party | groceries | gardening | commute | museum | volunteering,Sleep quality: 1/5,,Started the morning with fun night out that lifted my mood. Need more sleep tonight. Started the morning with good session at work. Not much else to report. Spent most of the day good session at work. Looking forward to tomorrow.
2025-03-20,March 20,Thursday,20:41,good,gym | board-games | nap | rain | cleaning | sketching | baking | swim | gaming | hike | yoga | commute,Sleep quality: 3/5,,Today was stressful meeting that ran long. Grateful for the small things.
2025-03-21,March 21,Friday,23:11,good,dentist | gym | work | music | car-maintenance | laundry,Sleep quality: 4/5,,
2025-03-22,March 22,Saturday,20:54,good,shopping | wine | sketching | board-games | haircut | podcast | walk | hike | groceries | run | gym | gaming | yoga,Sleep quality: 1/5,,Ended up good session at work. Overall a decent day. Managed to get through long walk that helped clear my head. Trying to keep a steady routine. Feeling like nice evening cooking dinner. Grateful for the small things.
2025-03-23,March 23,Sunday,22:53,good,car-maintenance | gym | movie | reading | groceries | hike | yoga,Sleep quality: 5/5,,A pretty quiet day at home. Looking forward to tomorrow.
2025-03-24,March 24,Monday,03:42,meh,music | cleaning | date-night | groceries | call-family | car-maintenance | journaling | hike | commute,Sleep quality: 1/5,,Feeling like long walk that helped clear my head. Need more sleep tonight.
2025-03-25,March 25,Tuesday,20:05,meh,haircut | dentist | reading | gym | groceries | board-games | movie | budgeting | family | tea,Sleep quality: 4/5,,
2025-03-26,March 26,Wednesday,19:51,meh,volunteering | swim | gardening | museum | reading | gaming | meditation | hike,Sleep quality: 2/5,,A pretty fun night out that lifted my mood. Could have been better honestly. Managed to get through quiet day at home. Could have been better honestly. Started the morning with nice evening cooking dinner. Trying to keep a steady routine.
2025-03-27,March 27,Thursday,20:34,good,cooking | concert | budgeting | language-practice | baking | movie | work | nap | family | meditation | yoga,Sleep quality: 2/5,,Started the morning with long walk that helped clear my head. Could have been better honestly.
2025-03-28,March 28,Friday,19:15,good,wine | journaling | concert | podcast | bike | family | rain | nap | museum | groceries | yoga,Sleep quality: 2/5,,Feeling like busy day running errands. Trying to keep a steady routine. Ended up stressful meeting that ran long. Hoping next week is calmer. Feeling like fun night out that lifted my mood. Trying to keep a steady routine.
2025-03-29,March 29,Saturday,06:04,meh,museum | guitar | sketching | cooking | bike | party | meditation | baking | coffee,Sleep quality: 1/5,,
2025-03-30,March 30,Sunday,00:58,good,call-family | friends | haircut | cooking | baking | groceries | meditation | hike,Sleep quality: 4/5,,
2025-03-31,March 31,Monday,22:55,good,car-maintenance | shopping | cleaning | work | gaming,Sleep quality: 2/5,,Started the morning with tired but satisfied kind of day. Need more sleep tonight. Feeling like nice evening cooking dinner. Overall a decent day. Today was tired but satisfied kind of day. Need more sleep tonight.
2025-04-01,April 1,Tuesday,22:26,good,run | music | commute | meeting | budgeting | baking | gaming,Sleep quality: 1/5,,
2025-04-02,April 2,Wednesday,20:56,good,date-night | car-maintenance | groceries | party | budgeting | tea | sketching | haircut | gaming | commute,Sleep quality: 2/5,,
2025-04-03,April 3,Thursday,22:34,good,travel | sunny | walk | music | movie | journaling | cooking | party | family | bike | concert | gaming | meditation | hike | commute,Sleep quality: 1/5,,Managed to get through tired but satisfied kind of day. Looking forward to tomorrow.
2025-04-05,April 5,Saturday,19:00,meh,walk | baking | party | concert | gym | shopping | travel | podcast | car-maintenance | gaming | meditation,Sleep quality: 3/5,,Managed to get through slow start but it picked up. Overall a decent day. Managed to get through productive stretch of focused work. Overall a decent day.
2025-04-06,April 6,Sunday,22:21,good,swim | travel | baking | gaming | commute | meditation | hike,Sleep quality: 5/5,,Started the morning with slow start but it picked up. Grateful for the small things.
2025-04-07,April 7,Monday,00:29,good,sketching | wine | rain | walk | haircut | travel | meditation | yoga,Sleep quality: 3/5,,Feeling like nice evening cooking dinner. Grateful for the small things.
2025-04-08,April 8,Tuesday,22:16,meh,car-maintenance | groceries | work | concert | call-family | laundry | doctor | yoga,Sleep quality: 2/5,,A pretty slow start but it picked up. Not much else to report. Feeling like slow start but it picked up. Hoping next week is calmer. Managed to get through tired but satisfied kind of day. Grateful for the small things.
2025-04-09,April 9,Wednesday,22:28,good,walk | laundry | guitar | tea | cooking | travel | dentist | gaming | meditation | yoga,Sleep quality: 2/5,,Spent most of the day fun night out that lifted my mood. Need more sleep tonight. Managed to get through good session at work. Could have been better honestly. A pretty stressful meeting that ran long. Trying to keep a steady routine.
2025-04-10,April 10,Thursday,22:44,meh,music | movie | gym | bike | date-night | museum | rain | friends | hike | yoga | commute,Sleep quality: 1/5,,
2025-04-11,April 11,Friday,22:10,good,baking | shopping | wine | yoga | walk | bike | swim | tea | coffee | car-maintenance | hike | commute,Sleep quality: 2/5,,Feeling like long walk that helped clear my head. Could have been better honestly. Had a stressful meeting that ran long. Grateful for the small things. Started the morning with fun night out that lifted my mood. Hoping next week is calmer.
2025-04-13,April 13,Sunday,23:38,good,sunny | swim | groceries | gardening | museum | commute | doctor | haircut | music | meditation,Sleep quality: 1/5,,
2025-04-14,April 14,Monday,19:19,good,tea | walk | call-family | travel | rain | groceries | baking | car-maintenance | swim | gaming | commute,Sleep quality: 5/5,,A pretty tired but satisfied kind of day. Trying to keep a steady routine. Started the morning with stressful meeting that ran long. Could have been better honestly. Managed to get through quiet day at home. Not much else to report.
2025-04-15,April 15,Tuesday,19:01,good,sketching | gaming | gardening | cooking | doctor | movie | hike,Sleep quality: 3/5,,Managed to get through catch-up with an old friend. Looking forward to tomorrow. Had a good session at work. Grateful for the small things.
2025-04-16,April 16,Wednesday,23:21,meh,sketching | baking | music | language-practice | laundry | meditation,Sleep quality: 3/5,,Today was stressful meeting that ran long. Not much else to report.
2025-04-17,April 17,Thursday,23:31,good,family | gym | work | budgeting | coffee | cleaning | gaming | meditation | commute,Sleep quality: 3/5,,Ended up good session at work. Looking forward to tomorrow. Ended up bit of a struggle with motivation. Trying to keep a steady routine.
2025-04-18,April 18,Friday,21:44,good,family | tea | shopping | wine,Sleep quality: 4/5,,
2025-04-19,April 19,Saturday,22:58,meh,shopping | sunny | doctor | podcast | board-games | music | commute,Sleep quality: 1/5,,Ended up fun night out that lifted my mood. Overall a decent day.
2025-04-20,April 20,Sunday,20:16,bad,sketching | travel | cooking | shopping | reading,Sleep quality: 3/5,,
2025-04-21,April 21,Monday,20:55,good,board-games | baking | concert | bike | family | movie | podcast | meditation,Sleep quality: 3/5,,Feeling like stressful meeting that ran long. Trying to keep a steady routine. Managed to get through long walk that helped clear my head. Grateful for the small things. Started the morning with slow start but it picked up. Not much else to report.
2025-04-22,April 22,Tuesday,19:54,bad,language-practice | sketching | tea | coffee | shopping | baking | walk | family | travel | gaming,Sleep quality: 2/5,,Spent most of the day tired but satisfied kind of day. Grateful for the small things.
2025-04-23,April 23,Wednesday,20:06,awful,board-games | volunteering | groceries | sketching | family | work,Sleep quality: 3/5,,Had a nice evening cooking dinner. Trying to keep a steady routine. Spent most of the day productive stretch of focused work. Need more sleep tonight.
2025-04-24,April 24,Thursday,22:59,meh,nap | walk | party | music | gardening | coffee | journaling | friends | yoga,Sleep quality: 3/5,,Managed to get through fun night out that lifted my mood. Grateful for the small things.
2025-04-25,April 25,Friday,23:30,good,meditation | nap | movie | doctor | walk | yoga | haircut | shopping | rain,Sleep quality: 3/5,,
2025-04-26,April 26,Saturday,22:13,good,language-practice | gym | family | sketching | party | meditation | meeting,Sleep quality: 3/5,,Ended up bit of a struggle with motivation. Looking forward to tomorrow.
2025-04-27,April 27,Sunday,23:47,good,swim | gym | movie | family | gaming | meditation,Sleep quality: 2/5,,Had a tired but satisfied kind of day. Hoping next week is calmer. Feeling like stressful meeting that ran long. Overall a decent day.
2025-04-28,April 28,Monday,19:32,meh,podcast | coffee | movie | laundry | journaling | haircut | wine,Sleep quality: 4/5,,Started the morning with nice evening cooking dinner. Overall a decent day.
2025-04-29,April 29,Tuesday,23:41,bad,podcast | walk | language-practice | haircut | reading | rain | family | meditation | hike | yoga,Sleep quality: 4/5,,Today was quiet day at home. Need more sleep tonight. Had a slow start but it picked up. Trying to keep a steady routine. Managed to get through quiet day at home. Overall a decent day.
2025-04-30,April 30,Wednesday,23:09,bad,gardening | commute | movie | walk | language-practice | run | meditation | yoga,Sleep quality: 5/5,,Had a slow start but it picked up. Not much else to report.
2025-05-01,May 1,Thursday,19:45,good,movie | doctor | volunteering | journaling | bike | family | rain | meeting | meditation,Sleep quality: 1/5,,
2025-05-02,May 2,Friday,20:07,meh,travel | nap | board-games | run | meditation | hike | commute,Sleep quality: 3/5,,Started the morning with stressful meeting that ran long. Need more sleep tonight. Started the morning with fun night out that lifted my mood. Overall a decent day.
2025-05-03,May 3,Saturday,00:39,good,budgeting | language-practice | tea | groceries | coffee | yoga,Sleep quality: 1/5,,Started the morning with productive stretch of focused work. Need more sleep tonight. A pretty catch-up with an old friend. Could have been better honestly. Feeling like productive stretch of focused work. Hoping next week is calmer.
2025-05-04,May 4,Sunday,19:13,good,baking | hike | gardening | doctor | tea | concert | shopping | journaling | gym | gaming | meditation,Sleep quality: 1/5,,A pretty tired but satisfied kind of day. Overall a decent day. Ended up good session at work. Hoping next week is calmer. Managed to get through nice evening cooking dinner. Looking forward to tomorrow.
2025-05-05,May 5,Monday,23:06,bad,dentist | museum | board-games | family | haircut | gaming | meditation | hike,Sleep quality: 2/5,,Feeling like nice evening cooking dinner. Not much else to report. Had a productive stretch of focused work. Looking forward to tomorrow.
2025-05-06,May 6,Tuesday,20:11,good,reading | guitar | rain | budgeting | coffee | gaming | hike,Sleep quality: 2/5,,
2025-05-07,May 7,Wednesday,20:21,good,tea | party | car-maintenance | reading | meditation | commute,Sleep quality: 2/5,,Managed to get through tired but satisfied kind of day. Need more sleep tonight. Feeling like catch-up with an old friend. Overall a decent day.
2025-05-08,May 8,Thursday,19:30,good,friends | board-games | podcast | cleaning | bike | dentist | movie | run | laundry | gym | gaming | hike,Sleep quality: 4/5,,Had a fun night out that lifted my mood. Overall a decent day. Today was relaxing afternoon with a book. Hoping next week is calmer. Had a relaxing afternoon with a book. Grateful for the small things.
2025-05-09,May 9,Friday,01:29,meh,language-practice | guitar | concert | music | tea | gaming,Sleep quality: 2/5,,Ended up fun night out that lifted my mood. Need more sleep tonight. Had a catch-up with an old friend. Grateful for the small things.
2025-05-10,May 10,Saturday,20:28,good,groceries | baking | gardening,Sleep quality: 2/5,,Spent most of the day relaxing afternoon with a book. Trying to keep a steady routine.
2025-05-11,May 11,Sunday,22:33,good,gym | budgeting | reading | museum | family | hike | commute,Sleep quality: 4/5,,
2025-05-12,May 12,Monday,20:51,good,music | run | nap | museum | dentist | swim | rain | reading | bike | friends | gaming | meditation | hike | yoga,Sleep quality: 3/5,,
2025-05-13,May 13,Tuesday,22:07,good,groceries | language-practice | sunny | walk | car-maintenance | meditation | hike | commute,Sleep quality: 4/5,,Today was tired but satisfied kind of day. Looking forward to tomorrow. A pretty relaxing afternoon with a book. Could have been better honestly.
2025-05-14,May 14,Wednesday,23:21,meh,sunny | call-family | language-practice | shopping,Sleep quality: 2/5,,Spent most of the day productive stretch of focused work. Could have been better honestly.
2025-05-27,May 27,Tuesday,22:37,meh,wine | budgeting | travel | date-night | bike | run | podcast | baking | cooking | sunny | call-family | meditation | hike | commute,Sleep quality: 1/5,,Ended up slow start but it picked up. Looking forward to tomorrow.
2025-05-28,May 28,Wednesday,22:30,good,tea | language-practice | car-maintenance | gardening | swim | movie | gym | coffee | gaming | meditation | hike,Sleep quality: 1/5,,
2025-05-29,May 29,Thursday,00:57,bad,meeting | run | music | family | coffee | board-games | groceries,Sleep quality: 2/5,,
2025-05-30,May 30,Friday,06:35,awful,haircut | coffee | run | meeting | guitar | bike | sunny | meditation | hike | commute,Sleep quality: 3/5,,Had a quiet day at home. Grateful for the small things. Feeling like busy day running errands. Looking forward to tomorrow. Feeling like bit of a struggle with motivation. Grateful for the small things.
2025-06-01,June 1,Sunday,19:51,good,hike | board-games | tea | gardening | run | gaming,Sleep quality: 5/5,,
2025-06-02,June 2,Monday,22:46,good,concert | sketching | gardening | yoga | dentist | coffee | work | budgeting | hike,Sleep quality: 5/5,,Had a bit of a struggle with motivation. Could have been better honestly. Had a quiet day at home. Not much else to report.
2025-06-03,June 3,Tuesday,23:59,bad,car-maintenance | language-practice | budgeting | haircut | tea | sketching | friends | podcast | meditation | yoga,Sleep quality: 5/5,,A pretty busy day running errands. Overall a decent day. Managed to get through tired but satisfied kind of day. Grateful for the small things.
2025-06-04,June 4,Wednesday,21:12,good,rain | party | doctor | bike | haircut | hike,Sleep quality: 5/5,,A pretty long walk that helped clear my head. Trying to keep a steady routine. Started the morning with quiet day at home. Trying to keep a steady routine.
2025-06-05,June 5,Thursday,21:48,good,travel | party | bike | movie | dentist | laundry | shopping | wine | language-practice | gaming,Sleep quality: 2/5,,Had a relaxing afternoon with a book. Trying to keep a steady routine.
2025-06-06,June 6,Friday,20:38,meh,swim | nap | party | wine | run | yoga,Sleep quality: 4/5,,Spent most of the day productive stretch of focused work. Need more sleep tonight.
2025-06-07,June 7,Saturday,20:03,meh,swim | bike | shopping | haircut | language-practice | friends | meditation | commute,Sleep quality: 4/5,,Started the morning with tired but satisfied kind of day. Need more sleep tonight. Had a bit of a struggle with motivation. Grateful for the small things.
2025-06-08,June 8,Sunday,21:54,good,meditation | call-family | volunteering | gym | reading | friends | music | work | gaming | hike | yoga,Sleep quality: 2/5,,
2025-06-09,June 9,Monday,22:30,good,sketching | doctor | podcast | bike | gym | board-games | budgeting | party | concert | gaming | commute,Sleep quality: 5/5,,Managed to get through long walk that helped clear my head. Need more sleep tonight. Feeling like long walk that helped clear my head. Grateful for the small things. Feeling like productive stretch of focused work. Not much else to report.
2025-06-10,June 10,Tuesday,21:34,bad,reading | language-practice | tea | laundry | car-maintenance | museum | music | gaming | commute,Sleep quality: 3/5,,Had a stressful meeting that ran long. Hoping next week is calmer. Started the morning with nice evening cooking dinner. Need more sleep tonight. Managed to get through quiet day at home. Hoping next week is calmer.
2025-06-11,June 11,Wednesday,20:01,good,run | journaling | language-practice | sketching | bike | museum,Sleep quality: 1/5,,Managed to get through good session at work. Overall a decent day.
2025-06-12,June 12,Thursday,21:47,good,journaling | car-maintenance | dentist | friends | sketching | museum | baking | gaming | hike,Sleep quality: 2/5,,Ended up catch-up with an old friend. Grateful for the small things. Feeling like relaxing afternoon with a book. Grateful for the small things. Started the morning with nice evening cooking dinner. Not much else to report.
2025-06-13,June 13,Friday,20:09,good,party | baking | sunny | sketching | language-practice | wine | cooking | groceries | movie | commute,Sleep quality: 5/5,,Spent most of the day fun night out that lifted my mood. Looking forward to tomorrow. Spent most of the day tired but satisfied kind of day. Grateful for the small things.
2025-06-14,June 14,Saturday,20:30,good,podcast | gym | baking | reading | call-family | groceries | gardening | laundry | commute,Sleep quality: 1/5,,Spent most of the day productive stretch of focused work. Trying to keep a steady routine.
2025-06-15,June 15,Sunday,23:50,rad,run | laundry | podcast | guitar | meditation,Sleep quality: 5/5,,
2025-06-16,June 16,Monday,20:58,good,podcast | rain | guitar | baking | reading | gaming | meditation,Sleep quality: 3/5,,Started the morning with relaxing afternoon with a book. Grateful for the small things.
2025-06-17,June 17,Tuesday,23:50,good,concert | swim | baking | cooking | yoga,Sleep quality: 5/5,,Today was slow start but it picked up. Hoping next week is calmer. Had a productive stretch of focused work. Trying to keep a steady routine. Ended up slow start but it picked up. Grateful for the small things.
2025-06-18,June 18,Wednesday,23:35,meh,date-night | rain | sketching | walk | cooking | cleaning | friends | gaming | hike | yoga,Sleep quality: 3/5,,Spent most of the day productive stretch of focused work. Could have been better honestly. Today was good session at work. Hoping next week is calmer. A pretty relaxing afternoon with a book. Need more sleep tonight.
2025-06-19,June 19,Thursday,22:19,bad,board-games | date-night | volunteering | meeting | commute | sunny | dentist | gaming,Sleep quality: 3/5,,A pretty stressful meeting that ran long. Overall a decent day. Ended up catch-up with an old friend. Hoping next week is calmer. Had a nice evening cooking dinner. Hoping next week is calmer.
2025-06-20,June 20,Friday,20:37,bad,bike | dentist | car-maintenance | wine | sketching | friends | volunteering | walk | call-family | meditation | hike,Sleep quality: 3/5,,Managed to get through nice evening cooking dinner. Grateful for the small things. Today was stressful meeting that ran long. Grateful for the small things.
2025-06-21,June 21,Saturday,23:18,meh,journaling | gym | run | friends | music | cleaning | gaming | yoga,Sleep quality: 4/5,,Had a nice evening cooking dinner. Not much else to report.
2025-06-22,June 22,Sunday,22:48,meh,language-practice | work | shopping | friends | cleaning | groceries | guitar | gaming | hike | commute,Sleep quality: 5/5,,Ended up stressful meeting that ran long. Hoping next week is calmer. Spent most of the day quiet day at home. Need more sleep tonight. Managed to get through bit of a struggle with motivation. Looking forward to tomorrow.
2025-06-23,June 23,Monday,22:50,good,yoga | cleaning | budgeting | sketching | rain | board-games | meditation,Sleep quality: 1/5,,Feeling like productive stretch of focused work. Overall a decent day. Ended up bit of a struggle with motivation. Looking forward to tomorrow. Spent most of the day nice evening cooking dinner. Overall a decent day.
2025-06-24,June 24,Tuesday,21:10,good,guitar | baking | nap | movie | meditation,Sleep quality: 4/5,,
2025-06-25,June 25,Wednesday,19:12,good,volunteering | yoga | podcast | dentist | gaming,Sleep quality: 3/5,,Started the morning with catch-up with an old friend. Overall a decent day.
2025-06-26,June 26,Thursday,23:09,meh,baking | cooking | party | meeting | groceries | walk | gaming | meditation | yoga,Sleep quality: 2/5,,Feeling like tired but satisfied kind of day. Could have been better honestly.
2025-06-27,June 27,Friday,19:30,good,walk | cleaning | cooking | travel | shopping | tea | reading | museum | car-maintenance | groceries | yoga | commute,Sleep quality: 1/5,,Had a fun night out that lifted my mood. Trying to keep a steady routine. Had a relaxing afternoon with a book. Hoping next week is calmer.
2025-06-28,June 28,Saturday,19:06,meh,cooking | date-night | haircut | friends | car-maintenance | museum | tea | family | hike,Sleep quality: 3/5,,
2025-06-29,June 29,Sunday,23:23,good,podcast | gym | guitar | travel | gardening | gaming | museum | language-practice | walk | yoga,Sleep quality: 4/5,,Had a stressful meeting that ran long. Looking forward to tomorrow.
2025-06-30,June 30,Monday,21:08,good,party | gardening | dentist | baking | run | car-maintenance | date-night | sunny | guitar | nap | gaming | hike,Sleep quality: 5/5,,Had a nice evening cooking dinner. Overall a decent day. Ended up quiet day at home. Hoping next week is calmer.
2025-07-01,July 1,Tuesday,05:33,meh,shopping | podcast | guitar | hike | groceries | call-family,Sleep quality: 3/5,,
2025-07-02,July 2,Wednesday,22:28,good,doctor | walk | call-family | meditation | hike,Sleep quality: 3/5,,Ended up bit of a struggle with motivation. Hoping next week is calmer. A pretty quiet day at home. Trying to keep a steady routine. Today was fun night out that lifted my mood. Overall a decent day.
2025-07-03,July 3,Thursday,23:31,meh,board-games | concert | car-maintenance | reading | language-practice | laundry | nap | meeting | hike | yoga | commute,Sleep quality: 1/5,,Started the morning with productive stretch of focused work. Need more sleep tonight.
2025-07-04,July 4,Friday,01:58,meh,language-practice | nap | reading | car-maintenance | work | journaling | gaming,Sleep quality: 4/5,,
2025-07-06,July 6,Sunday,20:13,good,tea | guitar | swim | museum | reading | shopping | family | work,Sleep quality: 1/5,,Started the morning with long walk that helped clear my head. Could have been better honestly. Feeling like long walk that helped clear my head. Overall a decent day.
2025-07-07,July 7,Monday,19:36,good,travel | museum | meeting | walk | podcast | hike | yoga,Sleep quality: 5/5,,
2025-07-08,July 8,Tuesday,20:13,good,call-family | swim | shopping | wine | sketching | run | meeting | rain | sunny | journaling | budgeting | hike,Sleep quality: 2/5,,A pretty good session at work. Need more sleep tonight.
2025-07-09,July 9,Wednesday,20:26,meh,concert | nap | swim | sketching | gardening | baking | shopping | language-practice | commute,Sleep quality: 5/5,,Managed to get through quiet day at home. Grateful for the small things. Ended up quiet day at home. Overall a decent day. A pretty productive stretch of focused work. Grateful for the small things.
2025-07-10,July 10,Thursday,21:44,rad,date-night | car-maintenance | call-family | cleaning | shopping | work | walk | meeting | friends | cooking | nap,Sleep quality: 4/5,,
2025-07-11,July 11,Friday,21:41,rad,wine | groceries | friends | movie | shopping | car-maintenance | rain | budgeting | hike | yoga | commute,Sleep quality: 3/5,,A pretty slow start but it picked up. Need more sleep tonight. Managed to get through good session at work. Grateful for the small things. Spent most of the day tired but satisfied kind of day. Hoping next week is calmer.
2025-07-12,July 12,Saturday,20:34,good,meeting | groceries | party | movie | laundry | tea | doctor | run | gym | gaming | meditation,Sleep quality: 3/5,,Had a good session at work. Need more sleep tonight. Managed to get through catch-up with an old friend. Hoping next week is calmer.
2025-07-13,July 13,Sunday,21:18,good,date-night | baking | cleaning | run | tea | coffee | volunteering | swim | party | meditation | yoga,Sleep quality: 4/5,,
2025-07-14,July 14,Monday,19:23,good,podcast | nap | concert | tea | meditation | hike | commute,Sleep quality: 5/5,,
2025-07-15,July 15,Tuesday,22:09,rad,run | baking | travel | meeting | music | museum | sketching | coffee,Sleep quality: 4/5,,Had a good session at work. Could have been better honestly.
2025-07-16,July 16,Wednesday,19:19,good,museum | rain | meditation | meeting | groceries | swim | family | bike,Sleep quality: 2/5,,Managed to get through fun night out that lifted my mood. Hoping next week is calmer.
2025-07-17,July 17,Thursday,22:35,good,sunny | guitar | volunteering | run | cleaning | reading | date-night | family | doctor | coffee | gaming | meditation,Sleep quality: 4/5,,Managed to get through stressful meeting that ran long. Overall a decent day.
2025-07-18,July 18,Friday,23:35,good,swim | haircut | reading | work | nap | gaming | yoga,Sleep quality: 3/5,,
2025-07-19,July 19,Saturday,19:26,meh,tea | swim | travel | baking | meditation,Sleep quality: 2/5,,
2025-07-20,July 20,Sunday,23:57,good,nap | dentist | swim | concert | tea | meditation | hike | commute,Sleep quality: 3/5,,
2025-07-21,July 21,Monday,23:38,good,baking | haircut | sketching | party | bike | concert | movie | hike | commute,Sleep quality: 2/5,,Feeling like good session at work. Grateful for the small things. Managed to get through slow start but it picked up. Looking forward to tomorrow.
2025-07-22,July 22,Tuesday,19:29,rad,tea | cooking | gaming | dentist | car-maintenance | family | travel | board-games | swim | yoga,Sleep quality: 2/5,,Spent most of the day quiet day at home. Grateful for the small things. Started the morning with busy day running errands. Overall a decent day.
2025-07-23,July 23,Wednesday,21:25,good,tea | party | sketching | groceries | walk | budgeting | run | gaming | commute,Sleep quality: 4/5,,
2025-07-24,July 24,Thursday,23:36,good,family | baking | sunny | cleaning | gym | gaming | yoga,Sleep quality: 5/5,,A pretty nice evening cooking dinner. Could have been better honestly.
2025-07-25,July 25,Friday,19:07,meh,concert | bike | walk | car-maintenance | groceries | podcast | music | gaming | hike,Sleep quality: 3/5,,Ended up stressful meeting that ran long. Not much else to report. Managed to get through busy day running errands. Looking forward to tomorrow.
2025-07-26,July 26,Saturday,21:59,good,shopping | language-practice | friends | family | volunteering | doctor | gaming,Sleep quality: 5/5,,A pretty fun night out that lifted my mood. Looking forward to tomorrow. Feeling like slow start but it picked up. Grateful for the small things.
2025-07-27,July 27,Sunday,21:42,meh,car-maintenance | budgeting | walk | guitar | gym | meditation,Sleep quality: 2/5,,
2025-07-28,July 28,Monday,23:15,meh,cooking | board-games | budgeting | shopping | work | sunny | gaming | meditation,Sleep quality: 2/5,,Started the morning with long walk that helped clear my head. Not much else to report.
2025-07-29,July 29,Tuesday,21:44,rad,language-practice | gardening | nap | sunny | journaling | museum | wine | movie | gaming | commute,Sleep quality: 5/5,,Started the morning with tired but satisfied kind of day. Overall a decent day. Spent most of the day productive stretch of focused work. Need more sleep tonight.
2025-07-30,July 30,Wednesday,22:12,rad,call-family | dentist | music | cleaning | coffee | family | swim | meditation,Sleep quality: 3/5,,
2025-07-31,July 31,Thursday,19:00,good,budgeting | gym | bike | gardening | gaming | meditation,Sleep quality: 1/5,,Today was slow start but it picked up. Overall a decent day.
2025-08-01,August 1,Friday,20:06,rad,gym | haircut | board-games | commute,Sleep quality: 1/5,,Today was slow start but it picked up. Grateful for the small things. Spent most of the day bit of a struggle with motivation. Looking forward to tomorrow.
2025-08-02,August 2,Saturday,20:43,meh,work | swim | sketching | cooking | podcast | cleaning | coffee | hike | yoga,Sleep quality: 3/5,,
2025-08-03,August 3,Sunday,22:54,good,meeting | meditation | wine | concert | run | volunteering | friends | gaming,Sleep quality: 5/5,,
2025-08-04,August 4,Monday,19:20,meh,language-practice | doctor | reading | gym | laundry | gaming | commute,Sleep quality: 5/5,,Managed to get through quiet day at home. Overall a decent day.
2025-08-05,August 5,Tuesday,22:17,good,swim | party | sketching | travel | work | cooking | gardening | haircut | meditation | yoga,Sleep quality: 1/5,,Spent most of the day tired but satisfied kind of day. Not much else to report.
2025-08-06,August 6,Wednesday,23:49,awful,gym | museum | concert | bike | doctor | groceries | run | meditation,Sleep quality: 5/5,,A pretty fun night out that lifted my mood. Need more sleep tonight.
2025-08-07,August 7,Thursday,20:03,meh,call-family | cooking | groceries | gym | date-night | language-practice | run | commute | meditation | yoga,Sleep quality: 2/5,,
2025-08-08,August 8,Friday,20:20,good,cooking | doctor | bike | swim | gaming | hike,Sleep quality: 1/5,,Spent most of the day slow start but it picked up. Trying to keep a steady routine.
2025-08-09,August 9,Saturday,19:41,meh,laundry | movie | reading | journaling | wine | run | language-practice | car-maintenance | meditation | hike,Sleep quality: 4/5,,Feeling like busy day running errands. Overall a decent day. Had a catch-up with an old friend. Not much else to report.
2025-08-10,August 10,Sunday,05:40,good,board-games | run | volunteering | call-family | sketching | tea | budgeting | walk | wine | guitar | hike | yoga | commute,Sleep quality: 1/5,,Spent most of the day bit of a struggle with motivation. Need more sleep tonight. Today was bit of a struggle with motivation. Need more sleep tonight.
2025-08-11,August 11,Monday,20:09,good,language-practice | groceries | sketching | podcast | car-maintenance | rain | journaling | yoga | swim | gaming | commute,Sleep quality: 4/5,,Spent most of the day tired but satisfied kind of day. Trying to keep a steady routine. Started the morning with busy day running errands. Not much else to report.
2025-08-12,August 12,Tuesday,23:37,good,swim | board-games | commute | journaling | rain | doctor | gardening | travel | meditation,Sleep quality: 5/5,,Had a relaxing afternoon with a book. Hoping next week is calmer. A pretty stressful meeting that ran long. Could have been better honestly. Spent most of the day busy day running errands. Could have been better honestly.
2025-08-13,August 13,Wednesday,19:13,good,shopping | meditation | music | baking | gaming | hike | yoga,Sleep quality: 5/5,,A pretty good session at work. Not much else to report. Managed to get through long walk that helped clear my head. Overall a decent day. Managed to get through long walk that helped clear my head. Hoping next week is calmer.
2025-08-14,August 14,Thursday,20:36,good,board-games | car-maintenance | dentist | tea | commute | concert | call-family | friends | volunteering | hike | walk,Sleep quality: 5/5,,
2025-08-15,August 15,Friday,19:27,good,run | music | swim | sunny | gaming | meditation,Sleep quality: 4/5,,Today was fun night out that lifted my mood. Grateful for the small things. Managed to get through good session at work. Grateful for the small things.
2025-08-16,August 16,Saturday,22:28,good,budgeting | concert | movie | wine | cooking | gym | gaming | travel | guitar | language-practice | hike,Sleep quality: 5/5,,Started the morning with long walk that helped clear my head. Looking forward to tomorrow. Managed to get through productive stretch of focused work. Not much else to report. Managed to get through stressful meeting that ran long. Could have been better honestly.
2025-08-17,August 17,Sunday,00:02,good,haircut | gym | bike | car-maintenance | call-family | volunteering | sketching | meditation | commute,Sleep quality: 1/5,,
2025-08-18,August 18,Monday,01:11,meh,sketching | travel | concert | walk | groceries | reading | work | laundry | gaming | yoga,Sleep quality: 5/5,,
2025-08-20,August 20,Wednesday,23:12,meh,baking | dentist | concert | guitar | meeting | gaming | commute,Sleep quality: 1/5,,Feeling like quiet day at home. Not much else to report. Had a fun night out that lifted my mood. Trying to keep a steady routine. Feeling like busy day running errands. Trying to keep a steady routine.
2025-08-21,August 21,Thursday,21:00,rad,guitar | travel | haircut | family | movie | cleaning | run | call-family | board-games | language-practice | meditation | hike,Sleep quality: 5/5,,Ended up busy day running errands. Could have been better honestly. Managed to get through long walk that helped clear my head. Hoping next week is calmer.
2025-08-22,August 22,Friday,23:00,good,bike | party | walk | volunteering | run | podcast | wine | gardening | gym | movie | gaming | commute,Sleep quality: 3/5,,A pretty long walk that helped clear my head. Trying to keep a steady routine. A pretty bit of a struggle with motivation. Could have been better honestly. A pretty good session at work. Grateful for the small things.
2025-08-23,August 23,Saturday,23:57,meh,wine | museum | nap | run | volunteering | meditation,Sleep quality: 5/5,,
2025-08-24,August 24,Sunday,23:54,good,movie | date-night | swim | haircut | walk | hike | concert | party | sunny | car-maintenance | gaming | yoga | commute,Sleep quality: 1/5,,
2025-08-25,August 25,Monday,03:54,meh,doctor | bike | commute | gaming | call-family | friends | family | haircut | date-night | work | music | hike,Sleep quality: 1/5,,Spent most of the day nice evening cooking dinner. Grateful for the small things. Had a relaxing afternoon with a book. Not much else to report.
2025-08-26,August 26,Tuesday,22:41,good,budgeting | sunny | sketching | travel | commute | gym | gaming | meditation | yoga,Sleep quality: 4/5,,Feeling like slow start but it picked up. Overall a decent day. Spent most of the day catch-up with an old friend. Looking forward to tomorrow.
2025-08-27,August 27,Wednesday,22:41,good,concert | nap | wine | volunteering | guitar | bike | tea | baking | sketching | gaming | meditation,Sleep quality: 4/5,,Feeling like bit of a struggle with motivation. Could have been better honestly.
2025-08-28,August 28,Thursday,21:28,good,museum | cleaning | coffee | laundry,Sleep quality: 2/5,,Managed to get through relaxing afternoon with a book. Not much else to report.
2025-08-29,August 29,Friday,21:39,good,date-night | bike | travel | podcast | doctor | rain | reading | shopping | wine,Sleep quality: 5/5,,
2025-08-30,August 30,Saturday,19:24,good,sketching | meditation | music | haircut | bike | date-night | gaming | concert | gardening | hike,Sleep quality: 5/5,,Managed to get through catch-up with an old friend. Looking forward to tomorrow.
2025-08-31,August 31,Sunday,23:02,meh,reading | shopping | groceries | budgeting | car-maintenance | haircut | gardening | gym | gaming,Sleep quality: 4/5,,
2025-09-01,September 1,Monday,05:01,bad,groceries | reading | doctor | sketching | meditation | yoga,Sleep quality: 4/5,,
2025-09-02,September 2,Tuesday,21:32,good,coffee | work | gym | reading | meditation | yoga,Sleep quality: 1/5,,A pretty quiet day at home. Not much else to report.
2025-09-03,September 3,Wednesday,20:15,meh,commute | reading | board-games | meditation,Sleep quality: 4/5,,A pretty relaxing afternoon with a book. Overall a decent day.
2025-09-04,September 4,Thursday,21:18,bad,language-practice | run | friends | cooking | volunteering | wine | commute,Sleep quality: 3/5,,Had a quiet day at home. Need more sleep tonight.
2025-09-05,September 5,Friday,22:33,good,guitar | bike | podcast | gardening | museum | journaling | sunny | commute,Sleep quality: 2/5,,Had a fun night out that lifted my mood. Overall a decent day.
2025-09-06,September 6,Saturday,05:49,good,cleaning | music | board-games | dentist,Sleep quality: 3/5,,Today was quiet day at home. Not much else to report. Had a busy day running errands. Overall a decent day. Feeling like productive stretch of focused work. Need more sleep tonight.
2025-09-07,September 7,Sunday,22:05,rad,groceries | doctor | nap | date-night | wine | reading | haircut | gaming | meditation | hike | commute,Sleep quality: 4/5,,Today was busy day running errands. Could have been better honestly. Spent most of the day bit of a struggle with motivation. Hoping next week is calmer. Today was quiet day at home. Need more sleep tonight.
2025-09-08,September 8,Monday,19:08,good,reading | run | groceries | nap | sketching | cleaning | bike | meeting | coffee | meditation | hike,Sleep quality: 1/5,,
2025-09-09,September 9,Tuesday,19:45,good,swim | gardening | call-family | walk | reading | meditation | hike,Sleep quality: 1/5,,Had a fun night out that lifted my mood. Could have been better honestly. A pretty catch-up with an old friend. Hoping next week is calmer. Ended up busy day running errands. Hoping next week is calmer.
2025-09-10,September 10,Wednesday,21:12,good,shopping | board-games | call-family | rain | cooking,Sleep quality: 4/5,,Started the morning with relaxing afternoon with a book. Not much else to report.
2025-09-11,September 11,Thursday,03:50,good,meditation | music | groceries | swim | doctor | hike | commute,Sleep quality: 3/5,,
2025-09-12,September 12,Friday,20:12,good,party | nap | coffee | bike | shopping | cleaning | tea | groceries | gaming,Sleep quality: 2/5,,Managed to get through relaxing afternoon with a book. Looking forward to tomorrow. Had a catch-up with an old friend. Hoping next week is calmer. Managed to get through catch-up with an old friend. Need more sleep tonight. Ended up bit of a struggle with motivation. Could have been better honestly. Started the morning with bit of a struggle with motivation. Could have been better honestly. Managed to get through busy day running errands. Trying to keep a steady routine. Spent most of the day long walk that helped clear my head. Looking forward to tomorrow. Spent most of the day bit of a struggle with motivation. Looking forward to tomorrow. Feeling like relaxing afternoon with a book. Grateful for the small things. Today was stressful meeting that ran long. Need more sleep tonight. Started the morning with relaxing afternoon with a book. Not much else to report. Feeling like slow start but it picked up. Grateful for the small things.
2025-09-13,September 13,Saturday,23:51,meh,travel | journaling | budgeting | music | gaming,Sleep quality: 1/5,,Spent most of the day fun night out that lifted my mood. Not much else to report. A pretty bit of a struggle with motivation. Hoping next week is calmer. Started the morning with stressful meeting that ran long. Grateful for the small things.
2025-09-14,September 14,Sunday,20:59,meh,podcast | laundry | travel | sunny | bike | rain | coffee | board-games | gaming | hike,Sleep quality: 1/5,,Today was busy day running errands. Could have been better honestly. Managed to get through catch-up with an old friend. Trying to keep a steady routine.
2025-09-15,September 15,Monday,21:48,meh,reading | meeting | sketching | walk | doctor | family | tea | travel | friends | gaming,Sleep quality: 1/5,,Managed to get through busy day running errands. Hoping next week is calmer. Ended up bit of a struggle with motivation. Need more sleep tonight. Spent most of the day fun night out that lifted my mood. Overall a decent day.
2025-09-16,September 16,Tuesday,23:56,good,journaling | sunny | budgeting | rain | cleaning | shopping | tea | cooking | podcast | wine | hike,Sleep quality: 5/5,,Spent most of the day long walk that helped clear my head. Could have been better honestly. Started the morning with bit of a struggle with motivation. Hoping next week is calmer. Ended up catch-up with an old friend. Hoping next week is calmer.
2025-09-17,September 17,Wednesday,21:16,meh,travel | museum | gym | budgeting | sunny | friends | haircut | work | groceries | meeting | meditation | commute,Sleep quality: 3/5,,Spent most of the day fun night out that lifted my mood. Trying to keep a steady routine.
2025-09-18,September 18,Thursday,19:11,good,swim | run | movie | family | meditation | yoga,Sleep quality: 2/5,,Managed to get through catch-up with an old friend. Not much else to report.
2025-09-19,September 19,Friday,20:15,good,gaming | shopping | podcast | cooking | language-practice | swim | haircut,Sleep quality: 4/5,,A pretty quiet day at home. Not much else to report.
2025-09-20,September 20,Saturday,19:02,good,music | shopping | concert | doctor | commute | tea | haircut | call-family | guitar | gaming | meditation | hike | yoga,Sleep quality: 2/5,,Spent most of the day nice evening cooking dinner. Looking forward to tomorrow. Managed to get through slow start but it picked up. Overall a decent day. Feeling like slow start but it picked up. Could have been better honestly.
2025-09-21,September 21,Sunday,19:50,good,call-family | language-practice | swim | gardening | concert | haircut | music | shopping | meditation | gaming,Sleep quality: 5/5,,
2025-09-22,September 22,Monday,19:44,good,haircut | travel | family | car-maintenance | meditation | yoga,Sleep quality: 3/5,,
2025-09-23,September 23,Tuesday,23:40,good,tea | nap | yoga | guitar | run | commute,Sleep quality: 4/5,,
2025-09-24,September 24,Wednesday,21:31,meh,board-games | wine | shopping | haircut | swim | party | run | meditation | hike | commute,Sleep quality: 4/5,,Started the morning with productive stretch of focused work. Not much else to report. Today was productive stretch of focused work. Overall a decent day.
2025-09-25,September 25,Thursday,23:17,good,language-practice | museum | guitar | car-maintenance | run | family | doctor | gaming | meditation,Sleep quality: 2/5,,
2025-09-26,September 26,Friday,00:14,bad,wine | museum | doctor | budgeting | shopping | podcast | coffee | date-night | car-maintenance | gaming | commute,Sleep quality: 4/5,,Started the morning with quiet day at home. Trying to keep a steady routine. Spent most of the day stressful meeting that ran long. Grateful for the small things.
2025-09-27,September 27,Saturday,02:47,meh,reading | car-maintenance | podcast | concert | date-night | movie | journaling | board-games | meditation | yoga | commute,Sleep quality: 2/5,,Feeling like catch-up with an old friend. Looking forward to tomorrow. Started the morning with nice evening cooking dinner. Not much else to report. Today was catch-up with an old friend. Could have been better honestly.
2025-09-28,September 28,Sunday,22:57,good,meditation | gym | podcast | work | haircut | reading | tea | bike | cleaning | gaming,Sleep quality: 3/5,,
2025-09-29,September 29,Monday,21:59,meh,podcast | haircut | doctor | friends | gaming | meditation | hike | yoga,Sleep quality: 1/5,,
2025-09-30,September 30,Tuesday,21:57,meh,run | museum | wine | journaling | family | call-family | baking | movie | meditation | commute,Sleep quality: 3/5,,Ended up tired but satisfied kind of day. Need more sleep tonight.
2025-10-01,October 1,Wednesday,22:45,meh,sketching | museum | cooking | walk | rain | movie | hike | yoga | commute,Sleep quality: 2/5,,Ended up catch-up with an old friend. Could have been better honestly. Started the morning with busy day running errands. Overall a decent day. Spent most of the day long walk that helped clear my head. Trying to keep a steady routine.
2025-10-02,October 2,Thursday,19:08,bad,gaming | cleaning | haircut | shopping | language-practice | dentist | meditation,Sleep quality: 2/5,,
2025-10-03,October 3,Friday,01:44,meh,call-family | coffee | doctor | gym | hike | commute,Sleep quality: 1/5,,Spent most of the day busy day running errands. Trying to keep a steady routine. Ended up bit of a struggle with motivation. Overall a decent day.
2025-10-04,October 4,Saturday,23:42,meh,sketching | run | family | meditation | yoga,Sleep quality: 3/5,,
2025-10-05,October 5,Sunday,20:22,rad,walk | budgeting | family | gaming | meditation | hike,Sleep quality: 2/5,,Started the morning with busy day running errands. Trying to keep a steady routine. Managed to get through busy day running errands. Grateful for the small things. A pretty catch-up with an old friend. Hoping next week is calmer.
2025-10-06,October 6,Monday,19:56,good,cooking | guitar | work | walk | family | reading | music | gaming | meditation,Sleep quality: 5/5,,Today was quiet day at home. Grateful for the small things. Started the morning with catch-up with an old friend. Looking forward to tomorrow. A pretty good session at work. Not much else to report.
2025-10-07,October 7,Tuesday,06:37,good,sunny | coffee | walk | volunteering | shopping,Sleep quality: 3/5,,Today was fun night out that lifted my mood. Need more sleep tonight. Today was tired but satisfied kind of day. Trying to keep a steady routine.
2025-10-08,October 8,Wednesday,19:30,meh,call-family | museum | gym | gardening | cooking | tea | budgeting | doctor | commute,Sleep quality: 5/5,,Spent most of the day stressful meeting that ran long. Not much else to report.
2025-10-10,October 10,Friday,19:40,awful,car-maintenance | wine | call-family | date-night | groceries | concert | swim | doctor,Sleep quality: 4/5,,
2025-10-11,October 11,Saturday,21:04,meh,coffee | gardening | nap | movie | language-practice | hike | commute,Sleep quality: 4/5,,Ended up relaxing afternoon with a book. Overall a decent day.
2025-10-12,October 12,Sunday,23:27,meh,party | board-games | sunny | car-maintenance | bike | rain | family | yoga,Sleep quality: 3/5,,Feeling like slow start but it picked up. Could have been better honestly. Had a long walk that helped clear my head. Not much else to report. Feeling like quiet day at home. Hoping next week is calmer.
2025-10-13,October 13,Monday,23:59,meh,gardening | museum | family | board-games | sunny | doctor,Sleep quality: 1/5,,Had a good session at work. Could have been better honestly. Today was quiet day at home. Overall a decent day.
2025-10-14,October 14,Tuesday,20:37,good,friends | language-practice | sketching | work | run | baking | laundry | date-night | budgeting | gaming | yoga,Sleep quality: 4/5,,Managed to get through busy day running errands. Looking forward to tomorrow. Started the morning with good session at work. Looking forward to tomorrow.
2025-10-15,October 15,Wednesday,20:54,meh,call-family | sketching | shopping | doctor | meditation | board-games | friends | dentist | car-maintenance | hike | budgeting,Sleep quality: 2/5,,
2025-10-16,October 16,Thursday,19:44,meh,budgeting | run | language-practice | sketching | reading | dentist | gym,Sleep quality: 5/5,,
2025-10-17,October 17,Friday,19:20,meh,run | nap | dentist | gym | work | gardening | gaming | wine | language-practice | swim,Sleep quality: 2/5,,Ended up long walk that helped clear my head. Not much else to report.
2025-10-18,October 18,Saturday,19:38,meh,baking | volunteering | hike | budgeting | gardening | journaling | gym | music | meditation | commute,Sleep quality: 5/5,,
2025-10-19,October 19,Sunday,23:01,good,walk | meditation | family | baking | friends | language-practice | movie | nap | board-games | car-maintenance | doctor | commute,Sleep quality: 5/5,,Started the morning with good session at work. Grateful for the small things. Today was fun night out that lifted my mood. Trying to keep a steady routine. Started the morning with long walk that helped clear my head. Not much else to report.
2025-10-20,October 20,Monday,22:23,good,nap | music | swim | guitar | sunny | journaling | haircut | friends | bike | baking | gaming | meditation | commute,Sleep quality: 3/5,,
2025-10-21,October 21,Tuesday,20:12,good,sunny | museum | board-games | shopping | car-maintenance | sketching | coffee | meditation | hike,Sleep quality: 3/5,,
2025-10-22,October 22,Wednesday,23:47,meh,groceries | music | call-family | gym | dentist | tea | meditation | commute,Sleep quality: 4/5,,
2025-10-23,October 23,Thursday,20:20,meh,car-maintenance | cooking | family | call-family | wine | party | reading | run | board-games | gym | hike | commute,Sleep quality: 5/5,,Managed to get through quiet day at home. Trying to keep a steady routine.
2025-10-24,October 24,Friday,19:29,good,wine | date-night | swim | museum | yoga,Sleep quality: 1/5,,Ended up fun night out that lifted my mood. Hoping next week is calmer. Started the morning with good session at work. Need more sleep tonight.
2025-10-25,October 25,Saturday,19:17,good,volunteering | reading | concert | cleaning | doctor | budgeting | wine | call-family | gardening | meditation | haircut | hike,Sleep quality: 4/5,,
2025-10-26,October 26,Sunday,21:16,good,board-games | podcast | museum | haircut | volunteering | date-night | commute,Sleep quality: 1/5,,Started the morning with catch-up with an old friend. Hoping next week is calmer. A pretty stressful meeting that ran long. Not much else to report.
2025-10-27,October 27,Monday,23:59,meh,dentist | car-maintenance | volunteering | rain | date-night | journaling | wine | gaming | hike,Sleep quality: 3/5,,
2025-10-28,October 28,Tuesday,20:13,meh,doctor | nap | family | party | cooking | coffee | date-night | walk | gaming | meditation | commute,Sleep quality: 4/5,,A pretty good session at work. Overall a decent day. Managed to get through nice evening cooking dinner. Trying to keep a steady routine.
2025-10-29,October 29,Wednesday,22:27,good,budgeting | call-family | language-practice | board-games | dentist | rain | concert | cooking | coffee | yoga,Sleep quality: 2/5,,Started the morning with catch-up with an old friend. Could have been better honestly. Ended up long walk that helped clear my head. Grateful for the small things.
2025-10-30,October 30,Thursday,22:12,meh,meeting | call-family | hike | guitar | run | baking | family | bike | yoga,Sleep quality: 4/5,,Started the morning with stressful meeting that ran long. Trying to keep a steady routine. Ended up productive stretch of focused work. Not much else to report. Started the morning with quiet day at home. Could have been better honestly.
2025-10-31,October 31,Friday,19:03,good,cooking | baking | walk | concert | nap | gardening | podcast | meditation | commute,Sleep quality: 4/5,,Spent most of the day good session at work. Not much else to report.
2025-11-01,November 1,Saturday,23:37,good,work | bike | call-family | nap | music | commute | travel | gaming,Sleep quality: 4/5,,Managed to get through bit of a struggle with motivation. Need more sleep tonight. Today was busy day running errands. Need more sleep tonight. Spent most of the day relaxing afternoon with a book. Could have been better honestly.
2025-11-02,November 2,Sunday,21:35,rad,car-maintenance | movie | baking | dentist | meditation,Sleep quality: 1/5,,Ended up tired but satisfied kind of day. Not much else to report.
2025-11-03,November 3,Monday,22:40,good,budgeting | doctor | commute | family | language-practice | hike,Sleep quality: 3/5,,Ended up relaxing afternoon with a book. Could have been better honestly.
2025-11-04,November 4,Tuesday,23:16,good,doctor | haircut | language-practice | hike,Sleep quality: 1/5,,Feeling like quiet day at home. Grateful for the small things. Feeling like bit of a struggle with motivation. Hoping next week is calmer. Spent most of the day stressful meeting that ran long. Overall a decent day.
2025-11-05,November 5,Wednesday,06:26,good,walk | journaling | budgeting | call-family | language-practice | work | friends | party | baking | cooking | meditation | hike | commute,Sleep quality: 5/5,,Had a busy day running errands. Hoping next week is calmer. Today was busy day running errands. Not much else to report.
2025-11-06,November 6,Thursday,22:19,good,work | podcast | bike | concert | family | commute,Sleep quality: 5/5,,Today was long walk that helped clear my head. Need more sleep tonight.
2025-11-07,November 7,Friday,23:13,good,board-games | run | music | shopping | meeting | gaming,Sleep quality: 2/5,,
2025-11-08,November 8,Saturday,22:44,meh,date-night | music | museum | gaming | cleaning | friends,Sleep quality: 4/5,,
2025-11-09,November 9,Sunday,19:35,good,gym | concert | nap | volunteering | friends | call-family | run | date-night | doctor | family | hike | yoga | commute,Sleep quality: 3/5,,Started the morning with tired but satisfied kind of day. Not much else to report.
2025-11-10,November 10,Monday,22:16,good,concert | museum | bike | coffee | walk | family | party | tea | sunny | groceries | yoga,Sleep quality: 2/5,,
2025-11-11,November 11,Tuesday,02:24,bad,music | doctor | museum | car-maintenance | gym | hike | tea | meditation,Sleep quality: 2/5,,A pretty relaxing afternoon with a book. Trying to keep a steady routine. Today was slow start but it picked up. Need more sleep tonight. Today was tired but satisfied kind of day. Hoping next week is calmer.
2025-11-12,November 12,Wednesday,21:13,meh,bike | guitar | doctor | groceries | friends | travel | shopping,Sleep quality: 4/5,,
2025-11-13,November 13,Thursday,19:30,meh,journaling | rain | sketching | travel | budgeting | car-maintenance | doctor | volunteering | cleaning | yoga,Sleep quality: 3/5,,Feeling like slow start but it picked up. Trying to keep a steady routine.
2025-11-14,November 14,Friday,20:18,good,museum | car-maintenance | concert | cooking | haircut | meditation | commute,Sleep quality: 4/5,,Had a quiet day at home. Overall a decent day.
2025-11-15,November 15,Saturday,21:05,meh,friends | gym | concert | bike | car-maintenance | party | dentist | laundry | meditation,Sleep quality: 3/5,,Started the morning with slow start but it picked up. Hoping next week is calmer.
2025-11-16,November 16,Sunday,20:02,meh,wine | tea | work | dentist | reading | cooking | journaling | meeting | museum | walk,Sleep quality: 1/5,,Had a stressful meeting that ran long. Hoping next week is calmer. Today was catch-up with an old friend. Not much else to report.
2025-11-17,November 17,Monday,23:03,meh,journaling | language-practice | travel | yoga | concert | shopping | friends | cooking | gaming | meditation | hike,Sleep quality: 4/5,,Ended up nice evening cooking dinner. Hoping next week is calmer. A pretty stressful meeting that ran long. Grateful for the small things.
2025-11-18,November 18,Tuesday,02:35,good,meeting | podcast | doctor | car-maintenance | meditation | commute,Sleep quality: 3/5,,
2025-11-19,November 19,Wednesday,03:38,good,concert | board-games | haircut | volunteering | call-family | gaming | hike | commute,Sleep quality: 4/5,,Feeling like tired but satisfied kind of day. Grateful for the small things. Started the morning with tired but satisfied kind of day. Looking forward to tomorrow.
2025-11-20,November 20,Thursday,22:29,bad,gym | gaming | concert | haircut | rain | work | reading | movie | meditation,Sleep quality: 3/5,,
2025-11-21,November 21,Friday,20:37,bad,coffee | call-family | podcast | work | hike,Sleep quality: 4/5,,A pretty long walk that helped clear my head. Overall a decent day.
2025-11-22,November 22,Saturday,03:37,good,movie | reading | nap | car-maintenance | baking | party | meditation | hike | yoga,Sleep quality: 1/5,,Feeling like fun night out that lifted my mood. Grateful for the small things. Today was bit of a struggle with motivation. Could have been better honestly. Feeling like bit of a struggle with motivation. Not much else to report.
2025-11-23,November 23,Sunday,20:56,good,baking | gaming | car-maintenance | gardening | meditation,Sleep quality: 1/5,,
2025-11-24,November 24,Monday,21:41,good,party | podcast | music | tea | rain | journaling | concert | meditation,Sleep quality: 4/5,,
2025-11-25,November 25,Tuesday,20:29,meh,movie | groceries | gardening | party | bike | reading | meditation | yoga | commute,Sleep quality: 1/5,,A pretty relaxing afternoon with a book. Could have been better honestly.
2025-11-26,November 26,Wednesday,21:10,meh,party | groceries | board-games | cooking | meditation,Sleep quality: 5/5,,Had a long walk that helped clear my head. Overall a decent day.
2025-11-27,November 27,Thursday,20:16,meh,groceries | board-games | meeting | gaming | work | sketching,Sleep quality: 1/5,,Managed to get through long walk that helped clear my head. Not much else to report. A pretty relaxing afternoon with a book. Trying to keep a steady routine.
2025-11-28,November 28,Friday,19:08,meh,dentist | family | journaling | groceries | coffee | travel | cleaning | hike | meditation | commute,Sleep quality: 4/5,,
2025-11-29,November 29,Saturday,22:40,rad,rain | gardening | gaming | party | museum | gym | work | language-practice | family | hike,Sleep quality: 5/5,,Had a nice evening cooking dinner. Overall a decent day. Had a long walk that helped clear my head. Overall a decent day. Ended up nice evening cooking dinner. Not much else to report.
2025-11-30,November 30,Sunday,21:26,good,doctor | gaming | wine | cooking | yoga,Sleep quality: 2/5,,A pretty busy day running errands. Overall a decent day.
2025-12-02,December 2,Tuesday,21:29,bad,laundry | journaling | run | sketching | gardening | walk | work | meditation | baking | tea | yoga | commute,Sleep quality: 1/5,,Today was relaxing afternoon with a book. Trying to keep a steady routine.
2025-12-03,December 3,Wednesday,23:48,meh,haircut | sketching | doctor | meeting,Sleep quality: 4/5,,Ended up slow start but it picked up. Hoping next week is calmer. A pretty tired but satisfied kind of day. Hoping next week is calmer.
2025-12-04,December 4,Thursday,06:01,good,concert | shopping | rain | gaming | music | sunny | dentist | podcast | meeting | yoga,Sleep quality: 3/5,,Had a slow start but it picked up. Overall a decent day. Today was tired but satisfied kind of day. Trying to keep a steady routine. Today was stressful meeting that ran long. Not much else to report.
2025-12-05,December 5,Friday,19:26,meh,museum | dentist | budgeting | nap | gym | cleaning | groceries | board-games | cooking | laundry | meditation | hike | commute,Sleep quality: 2/5,,Feeling like stressful meeting that ran long. Could have been better honestly.
2025-12-06,December 6,Saturday,20:15,good,bike | run | haircut | cooking | coffee | cleaning | volunteering | gardening | rain | hike,Sleep quality: 5/5,,Managed to get through quiet day at home. Need more sleep tonight. Started the morning with quiet day at home. Trying to keep a steady routine.
2025-12-07,December 7,Sunday,21:40,good,walk | coffee | dentist | run | language-practice | music | swim | party | work | haircut | gaming | hike | commute,Sleep quality: 4/5,,Started the morning with long walk that helped clear my head. Could have been better honestly. Had a productive stretch of focused work. Overall a decent day. Today was busy day running errands. Hoping next week is calmer.
2025-12-08,December 8,Monday,23:06,good,wine | gardening | guitar | groceries | swim | music | tea | walk | yoga,Sleep quality: 2/5,,
2025-12-09,December 9,Tuesday,20:48,meh,walk | gym | cleaning | party | dentist | guitar | doctor | haircut | meditation | commute,Sleep quality: 1/5,,Today was good session at work. Looking forward to tomorrow. Feeling like slow start but it picked up. Overall a decent day. Had a busy day running errands. Not much else to report.
2025-12-10,December 10,Wednesday,22:40,good,travel | family | run | reading | board-games | hike,Sleep quality: 4/5,,A pretty stressful meeting that ran long. Looking forward to tomorrow.
2025-12-11,December 11,Thursday,22:11,good,sketching | budgeting | friends | work | travel | board-games | commute | journaling | meeting | gaming | hike,Sleep quality: 2/5,,
2025-12-12,December 12,Friday,23:41,good,volunteering | budgeting | dentist | meditation | hike | yoga | commute,Sleep quality: 1/5,,Ended up bit of a struggle with motivation. Trying to keep a steady routine. Ended up nice evening cooking dinner. Not much else to report. Had a relaxing afternoon with a book. Hoping next week is calmer.
2025-12-13,December 13,Saturday,20:27,good,music | gym | tea | concert | rain | gaming | meditation | yoga,Sleep quality: 1/5,,Managed to get through long walk that helped clear my head. Could have been better honestly. Ended up nice evening cooking dinner. Need more sleep tonight.
2025-12-14,December 14,Sunday,20:52,meh,haircut | coffee | sketching | call-family | nap | cleaning | gaming | meditation | yoga,Sleep quality: 3/5,,Feeling like nice evening cooking dinner. Hoping next week is calmer. A pretty good session at work. Overall a decent day.
2025-12-15,December 15,Monday,21:50,good,walk | coffee | gaming | wine | cleaning | cooking | volunteering | meditation,Sleep quality: 4/5,,Had a bit of a struggle with motivation. Overall a decent day. Had a fun night out that lifted my mood. Grateful for the small things.
2025-12-16,December 16,Tuesday,23:43,meh,concert | haircut | cooking | tea | reading | friends | meditation | hike,Sleep quality: 2/5,,Had a fun night out that lifted my mood. Trying to keep a steady routine. Managed to get through stressful meeting that ran long. Grateful for the small things.
2025-12-17,December 17,Wednesday,23:49,good,tea | call-family | music | doctor | gym | meeting | language-practice | bike | party | gaming | meditation | hike | commute,Sleep quality: 2/5,,Today was quiet day at home. Could have been better honestly.
2025-12-18,December 18,Thursday,21:56,good,movie | board-games | date-night | gardening | podcast | guitar | cooking | museum | meditation | hike | yoga | commute,Sleep quality: 1/5,,Managed to get through slow start but it picked up. Trying to keep a steady routine. Managed to get through busy day running errands. Could have been better honestly. A pretty catch-up with an old friend. Overall a decent day.
2025-12-19,December 19,Friday,23:56,good,board-games | run | cleaning | meditation | yoga,Sleep quality: 2/5,,
2025-12-20,December 20,Saturday,23:02,good,wine | family | nap | movie | museum | friends | gaming | yoga,Sleep quality: 5/5,,Ended up good session at work. Trying to keep a steady routine. Today was long walk that helped clear my head. Grateful for the small things.
2025-12-21,December 21,Sunday,20:08,good,budgeting | doctor | volunteering | call-family | shopping | groceries | cleaning | yoga,Sleep quality: 3/5,,Feeling like stressful meeting that ran long. Trying to keep a steady routine. Managed to get through bit of a struggle with motivation. Hoping next week is calmer.
2025-12-22,December 22,Monday,21:45,rad,shopping | yoga | run | wine | budgeting | language-practice | podcast | gardening | music | gaming | meditation,Sleep quality: 1/5,,A pretty good session at work. Not much else to report.
2025-12-23,December 23,Tuesday,22:40,meh,rain | movie | museum | podcast | commute,Sleep quality: 1/5,,Managed to get through bit of a struggle with motivation. Grateful for the small things. Feeling like relaxing afternoon with a book. Not much else to report.
2025-12-24,December 24,Wednesday,22:13,good,rain | call-family | shopping | run | bike | car-maintenance | meditation | party | gardening | yoga,Sleep quality: 4/5,,Ended up stressful meeting that ran long. Overall a decent day.
2025-12-25,December 25,Thursday,05:24,good,gardening | haircut | cleaning | friends | movie | sunny | guitar | laundry | yoga,Sleep quality: 3/5,,Had a busy day running errands. Hoping next week is calmer. Spent most of the day nice evening cooking dinner. Could have been better honestly. Feeling like bit of a struggle with motivation. Overall a decent day.
2025-12-26,December 26,Friday,23:51,good,movie | laundry | haircut | journaling | museum | meeting | gym | gaming | meditation,Sleep quality: 1/5,,Managed to get through relaxing afternoon with a book. Grateful for the small things. Started the morning with long walk that helped clear my head. Trying to keep a steady routine.
2025-12-27,December 27,Saturday,22:08,meh,cleaning | date-night | podcast | gaming | hike | commute,Sleep quality: 3/5,,
2025-12-28,December 28,Sunday,23:49,meh,coffee | guitar | travel | car-maintenance | gaming | meditation,Sleep quality: 2/5,,Ended up fun night out that lifted my mood. Grateful for the small things.
2025-12-29,December 29,Monday,19:59,bad,language-practice | wine | party | call-family | reading | baking | car-maintenance | commute,Sleep quality: 5/5,,Ended up busy day running errands. Looking forward to tomorrow. Ended up relaxing afternoon with a book. Grateful for the small things.
2025-12-30,December 30,Tuesday,22:50,meh,movie | coffee | friends | baking | museum | cooking | commute | meeting | hike,Sleep quality: 3/5,,
2025-12-31,December 31,Wednesday,19:05,meh,reading | call-family | gym | cooking | walk | meeting | language-practice | shopping | travel | date-night | gaming,Sleep quality: 4/5,,Ended up busy day running errands. Overall a decent day.
2026-01-01,January 1,Thursday,19:44,meh,concert | gym | call-family | music | cooking | meditation,Sleep quality: 1/5,,
2026-01-02,January 2,Friday,19:23,meh,cooking | sketching | board-games | podcast | gym | call-family | rain | cleaning | bike | hike,Sleep quality: 2/5,,
2026-01-03,January 3,Saturday,21:47,good,sketching | reading | cleaning | language-practice | doctor | budgeting | dentist | podcast | baking | pottery-class | meditation | hike,Sleep quality: 2/5,,
2026-01-04,January 4,Sunday,22:03,good,haircut | sunny | gym | guitar | baking | movie | gaming | meditation,Sleep quality: 2/5,,Today was relaxing afternoon with a book. Looking forward to tomorrow.
2026-01-05,January 5,Monday,20:09,good,concert | rain | nap | call-family | travel | meditation | museum | volunteering | gaming | hike,Sleep quality: 1/5,,Today was productive stretch of focused work. Could have been better honestly. Started the morning with catch-up with an old friend. Hoping next week is calmer.
2026-01-06,January 6,Tuesday,20:40,good,wine | guitar | call-family | gym | music | gaming | meditation | hike,Sleep quality: 5/5,,Feeling like catch-up with an old friend. Not much else to report.
2026-01-07,January 7,Wednesday,22:43,meh,wine | hike | cooking | walk | sketching | meeting | doctor | shopping | gaming | meditation,Sleep quality: 5/5,,Today was productive stretch of focused work. Overall a decent day.
2026-01-08,January 8,Thursday,19:47,bad,cleaning | wine | podcast | board-games | family | budgeting | party | meditation | hike,Sleep quality: 4/5,,
2026-01-09,January 9,Friday,21:19,meh,family | volunteering | work | guitar | doctor | laundry | walk | run | gaming | meditation | hike,Sleep quality: 2/5,,
2026-01-10,January 10,Saturday,21:05,good,dentist | budgeting | nap | friends | coffee | gym | date-night | gaming | hike,Sleep quality: 1/5,,Spent most of the day catch-up with an old friend. Trying to keep a steady routine.
2026-01-11,January 11,Sunday,23:05,meh,swim | bike | work | journaling | meeting | baking | run | laundry | meditation | hike | commute,Sleep quality: 3/5,,Today was nice evening cooking dinner. Overall a decent day. Started the morning with tired but satisfied kind of day. Overall a decent day. Spent most of the day stressful meeting that ran long. Could have been better honestly.
2026-01-12,January 12,Monday,20:29,good,shopping | rain | language-practice | travel | nap | gaming | meditation,Sleep quality: 4/5,,
2026-01-13,January 13,Tuesday,20:24,good,shopping | gym | tea | sunny | rain | gaming | meditation,Sleep quality: 5/5,,
2026-01-14,January 14,Wednesday,22:42,rad,baking | work | walk | tea | volunteering | concert | podcast | museum | wine | nap | hike,Sleep quality: 4/5,,Ended up good session at work. Could have been better honestly.
2026-01-15,January 15,Thursday,20:33,good,budgeting | rain | tea | haircut | reading | sketching | coffee | walk | run | doctor | meditation,Sleep quality: 3/5,,Today was productive stretch of focused work. Hoping next week is calmer. Ended up productive stretch of focused work. Not much else to report.
2026-01-16,January 16,Friday,19:43,bad,podcast | work | volunteering | board-games | wine | run | meditation | hike | commute,Sleep quality: 3/5,,
2026-01-17,January 17,Saturday,02:46,meh,shopping | car-maintenance | journaling | music | reading | concert | hike,Sleep quality: 2/5,,Managed to get through long walk that helped clear my head. Trying to keep a steady routine.
2026-01-18,January 18,Sunday,20:52,bad,budgeting | volunteering | guitar | reading | journaling | coffee | gaming | meditation,Sleep quality: 5/5,,
2026-01-19,January 19,Monday,21:25,good,reading | gardening | tea | museum | doctor | swim | gaming | hike,Sleep quality: 1/5,,Had a bit of a struggle with motivation. Trying to keep a steady routine. A pretty busy day running errands. Looking forward to tomorrow.
2026-01-20,January 20,Tuesday,19:54,meh,work | hike | laundry | shopping | call-family | podcast | dentist | doctor | music | sketching | haircut,Sleep quality: 1/5,,
2026-01-22,January 22,Thursday,20:23,good,call-family | coffee | journaling | movie | gaming | meditation | hike,Sleep quality: 4/5,,Ended up nice evening cooking dinner. Looking forward to tomorrow.
2026-01-23,January 23,Friday,23:02,good,budgeting | nap | call-family | sketching | meeting | sunny | gaming,Sleep quality: 5/5,,
2026-01-24,January 24,Saturday,22:57,meh,sketching | language-practice | gaming | date-night | cleaning | gardening | walk | rain | volunteering | budgeting | meditation,Sleep quality: 4/5,,Started the morning with catch-up with an old friend. Could have been better honestly. Started the morning with productive stretch of focused work. Overall a decent day. Spent most of the day busy day running errands. Trying to keep a steady routine.
2026-01-25,January 25,Sunday,19:44,meh,nap | walk | baking | reading | gaming | concert,Sleep quality: 3/5,,
2026-01-26,January 26,Monday,20:43,meh,reading | volunteering | haircut | meditation | hike | travel | date-night | sunny | call-family | work | gym | gaming,Sleep quality: 5/5,,
2026-01-27,January 27,Tuesday,20:41,rad,baking | shopping | volunteering | groceries | coffee | doctor | laundry | board-games | gaming | meditation | hike,Sleep quality: 1/5,,Feeling like good session at work. Looking forward to tomorrow.
2026-01-28,January 28,Wednesday,22:20,good,car-maintenance | haircut | family | rain | music | party | dentist | date-night | gaming | commute,Sleep quality: 1/5,,
2026-01-29,January 29,Thursday,22:13,meh,rain | family | shopping | podcast | dentist | gaming | meditation | hike,Sleep quality: 4/5,,
2026-01-30,January 30,Friday,20:59,good,podcast | travel | run | gardening | bike | nap | gaming | meditation,Sleep quality: 1/5,,Managed to get through long walk that helped clear my head. Need more sleep tonight. Started the morning with tired but satisfied kind of day. Could have been better honestly.
2026-01-31,January 31,Saturday,20:34,good,tea | friends | podcast | bike | meditation,Sleep quality: 1/5,,Started the morning with slow start but it picked up. Hoping next week is calmer. Today was quiet day at home. Looking forward to tomorrow. Ended up good session at work. Grateful for the small things.
2026-02-01,February 1,Sunday,22:49,meh,baking | party | reading | car-maintenance | cooking | museum,Sleep quality: 1/5,,Had a busy day running errands. Hoping next week is calmer. Had a bit of a struggle with motivation. Could have been better honestly. Started the morning with busy day running errands. Trying to keep a steady routine.
2026-02-02,February 2,Monday,23:36,meh,language-practice | wine | reading | groceries | podcast | shopping | hike,Sleep quality: 4/5,,Feeling like fun night out that lifted my mood. Could have been better honestly.
2026-02-03,February 3,Tuesday,19:07,good,tea | budgeting | bike | gardening | doctor | call-family | gaming,Sleep quality: 5/5,,Today was good session at work. Overall a decent day. Started the morning with nice evening cooking dinner. Trying to keep a steady routine.
2026-02-04,February 4,Wednesday,20:18,good,museum | family | gardening | journaling | friends | volunteering | travel | rain | movie | gym | gaming | meditation,Sleep quality: 4/5,,
2026-02-05,February 5,Thursday,22:43,bad,volunteering | tea | car-maintenance | museum | travel | board-games | sketching | baking,Sleep quality: 2/5,,
2026-02-07,February 7,Saturday,20:24,good,gaming | nap | guitar | rain | gardening | meditation,Sleep quality: 3/5,,Today was good session at work. Trying to keep a steady routine. Started the morning with tired but satisfied kind of day. Not much else to report. Had a catch-up with an old friend. Could have been better honestly.
2026-02-08,February 8,Sunday,23:57,meh,museum | dentist | movie | bike | party | gaming | run | date-night | family | hike,Sleep quality: 1/5,,Feeling like busy day running errands. Could have been better honestly. Started the morning with productive stretch of focused work. Could have been better honestly.
2026-02-09,February 9,Monday,19:19,good,doctor | meeting | call-family | sketching | cooking | gaming | meditation | hike,Sleep quality: 1/5,,
2026-02-10,February 10,Tuesday,02:35,good,wine | work | travel | run | sunny | music | concert | gaming | meditation,Sleep quality: 4/5,,Managed to get through stressful meeting that ran long. Need more sleep tonight. Ended up quiet day at home. Looking forward to tomorrow.
2026-02-11,February 11,Wednesday,22:10,good,friends | run | meditation | shopping | travel | gaming,Sleep quality: 1/5,,Ended up nice evening cooking dinner. Hoping next week is calmer.
2026-02-12,February 12,Thursday,19:04,good,journaling | gardening | sunny | travel | sketching | meeting | concert | gaming | meditation | hike,Sleep quality: 4/5,,
2026-02-13,February 13,Friday,21:17,good,swim | gym | museum | gaming | travel | baking | cooking | sketching | party | meditation | hike,Sleep quality: 2/5,,Ended up bit of a struggle with motivation. Need more sleep tonight. Ended up long walk that helped clear my head. Overall a decent day. Managed to get through slow start but it picked up. Grateful for the small things.
2026-02-14,February 14,Saturday,21:47,good,cooking | haircut | language-practice | cleaning | concert | travel | reading | work | sketching | gaming | meditation | hike,Sleep quality: 4/5,,Today was relaxing afternoon with a book. Overall a decent day.
2026-02-15,February 15,Sunday,23:25,meh,board-games | cleaning | language-practice | gaming | haircut | volunteering | meditation | groceries | party | guitar,Sleep quality: 5/5,,Had a good session at work. Grateful for the small things. Spent most of the day slow start but it picked up. Need more sleep tonight. Today was quiet day at home. Grateful for the small things.
2026-02-16,February 16,Monday,20:58,rad,coffee | music | museum | baking | car-maintenance | doctor | run | budgeting | gardening | laundry | hike,Sleep quality: 2/5,,Ended up tired but satisfied kind of day. Need more sleep tonight.
2026-02-17,February 17,Tuesday,21:30,meh,cooking | doctor | meditation,Sleep quality: 3/5,,Had a slow start but it picked up. Looking forward to tomorrow. Ended up good session at work. Could have been better honestly.
2026-02-18,February 18,Wednesday,19:27,good,budgeting | cooking | walk | date-night | groceries | rain | gym | wine | friends | bike | family | gaming,Sleep quality: 4/5,,Had a bit of a struggle with motivation. Grateful for the small things. A pretty long walk that helped clear my head. Could have been better honestly. A pretty quiet day at home. Need more sleep tonight.
2026-02-19,February 19,Thursday,22:15,meh,family | groceries | doctor | laundry | date-night | gaming,Sleep quality: 5/5,,Today was quiet day at home. Need more sleep tonight.
2026-02-20,February 20,Friday,20:20,good,concert | walk | baking | family | coffee | museum | movie | tea | gym | meditation | podcast | gaming,Sleep quality: 4/5,,Today was fun night out that lifted my mood. Hoping next week is calmer. Had a slow start but it picked up. Overall a decent day. Spent most of the day quiet day at home. Hoping next week is calmer.
2026-02-21,February 21,Saturday,23:46,good,concert | baking | museum | tea | coffee | cooking | board-games | reading | swim | nap | meditation | commute,Sleep quality: 2/5,,A pretty tired but satisfied kind of day. Hoping next week is calmer. Had a busy day running errands. Need more sleep tonight. Started the morning with long walk that helped clear my head. Hoping next week is calmer.
2026-02-22,February 22,Sunday,03:43,good,gym | rain | friends | walk | groceries | travel | gardening | movie | run | haircut | gaming | meditation,Sleep quality: 4/5,,Had a tired but satisfied kind of day. Overall a decent day. Started the morning with quiet day at home. Hoping next week is calmer. Spent most of the day productive stretch of focused work. Trying to keep a steady routine.
2026-02-23,February 23,Monday,21:29,good,friends | music | podcast | coffee | gaming | meditation,Sleep quality: 1/5,,Today was tired but satisfied kind of day. Grateful for the small things. Spent most of the day tired but satisfied kind of day. Looking forward to tomorrow. Started the morning with long walk that helped clear my head. Hoping next week is calmer.
2026-02-24,February 24,Tuesday,20:50,good,call-family | sketching | journaling | language-practice | gaming,Sleep quality: 3/5,,Had a nice evening cooking dinner. Trying to keep a steady routine.
2026-02-25,February 25,Wednesday,19:19,good,swim | board-games | laundry | gardening | doctor | bike | gaming | meditation | hike,Sleep quality: 3/5,,
2026-02-26,February 26,Thursday,05:44,meh,doctor | shopping | guitar | car-maintenance | cleaning | walk | sketching | run | concert | swim | gaming | meditation | hike,Sleep quality: 1/5,,Started the morning with fun night out that lifted my mood. Not much else to report. Had a fun night out that lifted my mood. Grateful for the small things. Managed to get through nice evening cooking dinner. Could have been better honestly.
2026-02-27,February 27,Friday,19:17,meh,gardening | call-family | run | gaming | meditation,Sleep quality: 4/5,,Ended up bit of a struggle with motivation. Grateful for the small things. Managed to get through relaxing afternoon with a book. Trying to keep a steady routine.
2026-02-28,February 28,Saturday,22:00,good,family | run | haircut | call-family | gaming | hike,Sleep quality: 2/5,,A pretty bit of a struggle with motivation. Looking forward to tomorrow. Spent most of the day nice evening cooking dinner. Overall a decent day. Feeling like quiet day at home. Overall a decent day.
2026-03-01,March 1,Sunday,23:24,bad,rain | travel | baking | language-practice | nap | meeting | run | doctor | date-night | bike | meditation,Sleep quality: 1/5,,Spent most of the day long walk that helped clear my head. Looking forward to tomorrow. Had a nice evening cooking dinner. Not much else to report.
2026-03-02,March 2,Monday,23:39,bad,gardening | gym | run | groceries | swim | doctor | volunteering | museum | cleaning | work | meditation | hike,Sleep quality: 3/5,,A pretty tired but satisfied kind of day. Hoping next week is calmer.
2026-03-03,March 3,Tuesday,19:40,good,sunny | cleaning | gym | language-practice | gaming | meditation | hike,Sleep quality: 5/5,,A pretty slow start but it picked up. Need more sleep tonight. A pretty fun night out that lifted my mood. Need more sleep tonight.
2026-03-04,March 4,Wednesday,20:14,meh,sunny | wine | concert | car-maintenance | shopping | nap | groceries | doctor | tea | cooking | meditation,Sleep quality: 4/5,,A pretty long walk that helped clear my head. Could have been better honestly.
2026-03-05,March 5,Thursday,20:27,good,guitar | museum | reading | dentist | cooking | walk | baking | meditation,Sleep quality: 2/5,,Managed to get through stressful meeting that ran long. Grateful for the small things.
2026-03-06,March 6,Friday,23:04,good,wine | shopping | work | dentist | groceries | gaming | meditation | hike,Sleep quality: 1/5,,Spent most of the day fun night out that lifted my mood. Need more sleep tonight. Ended up good session at work. Could have been better honestly. Feeling like good session at work. Grateful for the small things.
2026-03-07,March 7,Saturday,23:23,good,rain | podcast | bike | museum | guitar | dentist | swim | laundry | date-night | gaming,Sleep quality: 2/5,,Feeling like tired but satisfied kind of day. Overall a decent day. Ended up productive stretch of focused work. Grateful for the small things.
2026-03-08,March 8,Sunday,23:47,meh,reading | travel | family | concert | sketching | podcast | nap | groceries | volunteering | gaming | meditation | hike,Sleep quality: 3/5,,Ended up nice evening cooking dinner. Overall a decent day. Managed to get through nice evening cooking dinner. Could have been better honestly.
2026-03-09,March 9,Monday,23:46,good,run | wine | gardening | music | cooking | gaming | meditation,Sleep quality: 5/5,,Feeling like tired but satisfied kind of day. Not much else to report.
2026-03-10,March 10,Tuesday,20:54,good,rain | meeting | language-practice | party | haircut | budgeting | volunteering | friends | hike,Sleep quality: 3/5,,Had a fun night out that lifted my mood. Overall a decent day.
2026-03-11,March 11,Wednesday,20:24,good,gardening | groceries | bike | travel | gaming | meditation,Sleep quality: 2/5,,A pretty quiet day at home. Not much else to report.
2026-03-12,March 12,Thursday,22:43,meh,family | podcast | music | haircut | run | swim | dentist | gaming | meditation | hike,Sleep quality: 2/5,,Ended up catch-up with an old friend. Grateful for the small things. Had a nice evening cooking dinner. Grateful for the small things.
2026-03-13,March 13,Friday,20:35,good,museum | rain | laundry | concert | party | guitar | language-practice | shopping | gaming | meditation,Sleep quality: 3/5,,Spent most of the day stressful meeting that ran long. Need more sleep tonight. Feeling like long walk that helped clear my head. Trying to keep a steady routine.
2026-03-14,March 14,Saturday,20:09,meh,wine | podcast | dentist | bike | meeting | cooking | tea | groceries | work | laundry | volunteering | gaming | meditation | hike | commute,Sleep quality: 1/5,,A pretty relaxing afternoon with a book. Overall a decent day. Managed to get through tired but satisfied kind of day. Overall a decent day. Today was long walk that helped clear my head. Need more sleep tonight.
2026-03-15,March 15,Sunday,21:33,good,gardening | board-games | family | baking | volunteering | gaming | meditation,Sleep quality: 4/5,,
2026-03-17,March 17,Tuesday,19:07,meh,dentist | music | car-maintenance | groceries | gardening | volunteering | gaming,Sleep quality: 5/5,,
2026-03-18,March 18,Wednesday,22:45,good,tea | walk | gym | sketching | podcast | gaming | meditation | hike,Sleep quality: 2/5,,
2026-03-19,March 19,Thursday,22:39,good,date-night | reading | party | friends | gym | gardening | family | groceries | travel | meditation | hike,Sleep quality: 5/5,,
2026-03-20,March 20,Friday,23:46,good,bike | podcast | gym | cleaning | wine | concert | hike | museum | swim | gaming | coffee | meditation | commute,Sleep quality: 4/5,,Started the morning with productive stretch of focused work. Not much else to report.
2026-03-21,March 21,Saturday,19:03,good,cooking | reading | haircut | rain | museum | gaming | meditation | hike,Sleep quality: 5/5,,Had a fun night out that lifted my mood. Looking forward to tomorrow.
2026-03-22,March 22,Sunday,21:59,bad,cleaning | run | baking | wine | laundry | walk | gym | call-family | volunteering | gaming | hike,Sleep quality: 5/5,,Managed to get through fun night out that lifted my mood. Grateful for the small things.
2026-03-23,March 23,Monday,22:57,meh,haircut | groceries | reading | gaming,Sleep quality: 1/5,,
2026-03-24,March 24,Tuesday,23:58,meh,gardening | movie | meeting | call-family | meditation | work | gaming | hike,Sleep quality: 3/5,,
2026-03-25,March 25,Wednesday,19:40,good,cooking | party | volunteering | walk | dentist | meditation | hike,Sleep quality: 1/5,,Started the morning with long walk that helped clear my head. Could have been better honestly. Managed to get through stressful meeting that ran long. Hoping next week is calmer.
2026-03-26,March 26,Thursday,21:41,meh,music | travel | movie | nap | coffee | journaling | budgeting | shopping | date-night | gaming,Sleep quality: 4/5,,Started the morning with relaxing afternoon with a book. Could have been better honestly.
2026-03-27,March 27,Friday,20:32,good,movie | coffee | work | laundry | nap | sketching | walk | run | gaming | meditation | hike,Sleep quality: 1/5,,Started the morning with slow start but it picked up. Looking forward to tomorrow. Started the morning with stressful meeting that ran long. Overall a decent day.
2026-03-28,March 28,Saturday,03:22,meh,groceries | dentist | cleaning | budgeting | sketching | doctor | meditation | haircut | journaling | gaming | hike,Sleep quality: 1/5,,
2026-03-29,March 29,Sunday,20:32,good,cleaning | music | gym | gaming | meditation | hike,Sleep quality: 3/5,,
2026-03-30,March 30,Monday,03:31,bad,date-night | gaming | wine | bike | haircut | meditation,Sleep quality: 3/5,,Had a stressful meeting that ran long. Grateful for the small things.
2026-03-31,March 31,Tuesday,19:16,bad,coffee | doctor | date-night | rain | gaming | travel | gym | meditation,Sleep quality: 5/5,,Today was relaxing afternoon with a book. Need more sleep tonight. Today was nice evening cooking dinner. Not much else to report. Spent most of the day stressful meeting that ran long. Looking forward to tomorrow.
2026-04-01,April 1,Wednesday,00:18,good,party | podcast | cooking | walk | haircut | meditation | hike,Sleep quality: 5/5,,Spent most of the day productive stretch of focused work. Hoping next week is calmer. A pretty bit of a struggle with motivation. Looking forward to tomorrow.
2026-04-02,April 2,Thursday,23:58,good,hike | movie | coffee | concert | sunny | wine | swim | gaming,Sleep quality: 2/5,,Had a nice evening cooking dinner. Hoping next week is calmer. Had a nice evening cooking dinner. Overall a decent day. Ended up stressful meeting that ran long. Hoping next week is calmer.
2026-04-03,April 3,Friday,23:25,good,baking | gaming | date-night | budgeting | meditation | hike,Sleep quality: 4/5,,Feeling like quiet day at home. Not much else to report. Feeling like stressful meeting that ran long. Could have been better honestly. Started the morning with catch-up with an old friend. Hoping next week is calmer.
2026-04-04,April 4,Saturday,23:12,rad,cleaning | walk | family | groceries | haircut | journaling | swim | gaming | meditation | hike,Sleep quality: 1/5,,
2026-04-05,April 5,Sunday,20:18,good,rain | family | work | volunteering | sunny | run | haircut | cooking | gym | bike | gaming,Sleep quality: 4/5,,Today was catch-up with an old friend. Trying to keep a steady routine. Spent most of the day catch-up with an old friend. Hoping next week is calmer. A pretty relaxing afternoon with a book. Need more sleep tonight.
2026-04-06,April 6,Monday,21:12,good,podcast | family | rain | volunteering | meditation | date-night | bike | car-maintenance | gaming | yoga | commute,Sleep quality: 4/5,,Started the morning with relaxing afternoon with a book. Need more sleep tonight. Today was tired but satisfied kind of day. Hoping next week is calmer.
2026-04-07,April 7,Tuesday,19:28,bad,podcast | music | shopping | rain | travel | budgeting | friends | gaming | meditation | yoga,Sleep quality: 1/5,,Today was nice evening cooking dinner. Grateful for the small things.
2026-04-08,April 8,Wednesday,22:15,meh,shopping | sketching | budgeting | walk | friends | meeting | rain | swim | doctor | language-practice | gaming | meditation | hike,Sleep quality: 4/5,,
2026-04-09,April 9,Thursday,05:46,rad,wine | bike | gym | walk | music | sunny | concert | gaming | meditation,Sleep quality: 5/5,,
2026-04-10,April 10,Friday,22:37,good,board-games | rain | movie | cooking | friends | groceries | language-practice | gaming | meditation,Sleep quality: 5/5,,
2026-04-11,April 11,Saturday,22:19,good,cleaning | nap | budgeting | sunny | meditation,Sleep quality: 4/5,,
2026-04-12,April 12,Sunday,19:33,bad,call-family | shopping | run | family | tea | meeting | reading | cleaning | budgeting | board-games | gaming | meditation,Sleep quality: 1/5,,
2026-04-13,April 13,Monday,20:30,good,work | meeting | party | family | music | gaming | meditation | hike,Sleep quality: 5/5,,Spent most of the day stressful meeting that ran long. Looking forward to tomorrow.
2026-04-14,April 14,Tuesday,22:30,good,bike | cleaning | groceries | tea | travel | meditation | hike,Sleep quality: 2/5,,
2026-04-15,April 15,Wednesday,23:26,meh,gym | journaling | nap | call-family | baking | gardening | gaming | meditation | hike,Sleep quality: 2/5,,Started the morning with quiet day at home. Overall a decent day.
2026-04-16,April 16,Thursday,19:22,meh,gardening | gym | budgeting | board-games | gaming | meditation | hike,Sleep quality: 1/5,,
2026-04-17,April 17,Friday,21:29,good,bike | nap | museum | work | language-practice | travel | family | doctor | tea,Sleep quality: 2/5,,Managed to get through slow start but it picked up. Overall a decent day. Had a productive stretch of focused work. Could have been better honestly.
2026-04-18,April 18,Saturday,20:26,meh,gym | swim | friends | sunny | volunteering | doctor | car-maintenance | gaming | meditation | hike,Sleep quality: 3/5,,Had a bit of a struggle with motivation. Not much else to report.
2026-04-19,April 19,Sunday,20:48,meh,cleaning | reading | family | gaming | travel | run | laundry | tea | nap | dentist | meditation,Sleep quality: 1/5,,
2026-04-20,April 20,Monday,23:58,meh,museum | guitar | concert | baking | shopping | haircut | gardening | gaming | meditation | hike,Sleep quality: 4/5,,Started the morning with catch-up with an old friend. Trying to keep a steady routine. Ended up slow start but it picked up. Overall a decent day. Spent most of the day tired but satisfied kind of day. Looking forward to tomorrow.
2026-04-21,April 21,Tuesday,20:14,meh,podcast | bike | guitar | nap | doctor | journaling | groceries | gym | dentist | budgeting | gaming | hike,Sleep quality: 3/5,,A pretty nice evening cooking dinner. Grateful for the small things.
2026-04-22,April 22,Wednesday,19:50,rad,wine | doctor | movie | car-maintenance | hike | baking | meditation | yoga,Sleep quality: 4/5,,Had a fun night out that lifted my mood. Looking forward to tomorrow. Managed to get through fun night out that lifted my mood. Need more sleep tonight. Had a good session at work. Trying to keep a steady routine.
2026-04-23,April 23,Thursday,19:52,good,rain | travel | reading | podcast | cleaning | haircut | coffee | gaming | meditation | hike,Sleep quality: 5/5,,A pretty catch-up with an old friend. Could have been better honestly. Spent most of the day nice evening cooking dinner. Overall a decent day.
2026-04-24,April 24,Friday,21:33,good,sunny | rain | tea | reading | run | volunteering | hike | call-family | gaming,Sleep quality: 5/5,,
2026-04-25,April 25,Saturday,20:43,good,groceries | meeting | podcast | call-family | work | journaling | baking | gaming | hike,Sleep quality: 1/5,,Started the morning with nice evening cooking dinner. Looking forward to tomorrow. Today was busy day running errands. Hoping next week is calmer.
2026-04-26,April 26,Sunday,23:48,good,nap | museum | swim | car-maintenance | laundry | bike | journaling | gaming | meditation | hike,Sleep quality: 2/5,,
2026-04-27,April 27,Monday,21:12,meh,movie | journaling | friends | music | gaming,Sleep quality: 3/5,,Started the morning with bit of a struggle with motivation. Grateful for the small things. Spent most of the day bit of a struggle with motivation. Grateful for the small things.
2026-04-28,April 28,Tuesday,21:01,good,cooking | podcast | shopping | language-practice | gaming | hike,Sleep quality: 2/5,,A pretty productive stretch of focused work. Hoping next week is calmer.
2026-04-29,April 29,Wednesday,21:28,good,guitar | party | rain | cooking | haircut | meditation | wine | dentist | gaming,Sleep quality: 4/5,,Ended up tired but satisfied kind of day. Hoping next week is calmer. Feeling like good session at work. Overall a decent day. Spent most of the day good session at work. Grateful for the small things.
2026-04-30,April 30,Thursday,23:02,bad,work | cleaning | haircut | dentist | car-maintenance | run | tea | sunny | journaling | meditation | hike,Sleep quality: 4/5,,Spent most of the day slow start but it picked up. Hoping next week is calmer. Ended up nice evening cooking dinner. Trying to keep a steady routine.
2026-05-01,May 1,Friday,23:46,good,language-practice | coffee | family | tea | sunny | doctor | swim | laundry | gaming | meditation | hike | commute,Sleep quality: 4/5,,Spent most of the day catch-up with an old friend. Looking forward to tomorrow. Today was tired but satisfied kind of day. Grateful for the small things.
2026-05-02,May 2,Saturday,21:53,good,shopping | wine | walk | nap | gaming,Sleep quality: 2/5,,Ended up good session at work. Grateful for the small things. Had a catch-up with an old friend. Overall a decent day.
2026-05-03,May 3,Sunday,06:24,good,cooking | baking | work | meeting | shopping | gaming,Sleep quality: 3/5,,
2026-05-04,May 4,Monday,22:49,meh,sunny | walk | commute | meeting | party | music | nap | call-family | work | podcast | guitar | gaming | meditation,Sleep quality: 3/5,,Today was busy day running errands. Looking forward to tomorrow. Ended up quiet day at home. Looking forward to tomorrow. A pretty bit of a struggle with motivation. Grateful for the small things.
2026-05-05,May 5,Tuesday,20:34,meh,cooking | laundry | friends | reading | gym | commute | gaming | meditation | hike,Sleep quality: 3/5,,
2026-05-06,May 6,Wednesday,19:26,good,museum | coffee | music | shopping | travel | gaming | meditation | hike,Sleep quality: 2/5,,Ended up good session at work. Not much else to report. Ended up tired but satisfied kind of day. Looking forward to tomorrow. Feeling like busy day running errands. Overall a decent day.
2026-05-07,May 7,Thursday,22:28,good,music | sketching | meeting | movie | date-night | journaling | call-family | gaming | meditation | hike,Sleep quality: 1/5,,Started the morning with nice evening cooking dinner. Overall a decent day. Had a slow start but it picked up. Not much else to report. A pretty tired but satisfied kind of day. Need more sleep tonight.
2026-05-08,May 8,Friday,19:34,bad,walk | family | nap | dentist | reading | gaming | meditation | hike,Sleep quality: 5/5,,Managed to get through slow start but it picked up. Need more sleep tonight. Today was long walk that helped clear my head. Grateful for the small things.
2026-05-09,May 9,Saturday,23:47,good,tea | cleaning | bike | shopping | family | hike | walk | gaming,Sleep quality: 5/5,,Managed to get through slow start but it picked up. Need more sleep tonight. Feeling like relaxing afternoon with a book. Hoping next week is calmer.
2026-05-10,May 10,Sunday,23:04,good,swim | bike | cleaning | guitar | meditation | hike,Sleep quality: 2/5,,Feeling like long walk that helped clear my head. Could have been better honestly.
2026-05-11,May 11,Monday,22:01,bad,travel | movie | call-family | swim | work | family | gaming | meditation,Sleep quality: 5/5,,
2026-05-12,May 12,Tuesday,21:07,good,language-practice | baking | gym | podcast | party | car-maintenance | hike,Sleep quality: 5/5,,
2026-05-13,May 13,Wednesday,19:07,good,car-maintenance | sunny | coffee | groceries | gaming,Sleep quality: 4/5,,Ended up long walk that helped clear my head. Looking forward to tomorrow. Had a quiet day at home. Not much else to report. Started the morning with good session at work. Overall a decent day.
2026-05-14,May 14,Thursday,22:48,meh,haircut | family | doctor | party | meeting | laundry | podcast | friends | nap | hike | run | gaming | meditation,Sleep quality: 3/5,,A pretty long walk that helped clear my head. Need more sleep tonight. Started the morning with productive stretch of focused work. Trying to keep a steady routine.
2026-05-15,May 15,Friday,23:05,meh,party | sunny | wine | run | volunteering | movie | shopping | doctor | gaming,Sleep quality: 2/5,,Started the morning with long walk that helped clear my head. Not much else to report.
2026-05-16,May 16,Saturday,19:48,bad,gardening | date-night | travel | laundry | meditation | hike,Sleep quality: 1/5,,Spent most of the day productive stretch of focused work. Grateful for the small things.
2026-05-17,May 17,Sunday,21:35,good,haircut | sunny | language-practice | meeting | podcast | laundry | wine | groceries | volunteering | cleaning | gaming | meditation,Sleep quality: 4/5,,A pretty long walk that helped clear my head. Looking forward to tomorrow. Feeling like slow start but it picked up. Hoping next week is calmer.
2026-05-18,May 18,Monday,22:56,meh,work | walk | family | budgeting | date-night | music | friends | movie | volunteering | gaming | meditation,Sleep quality: 3/5,,Today was busy day running errands. Looking forward to tomorrow. Ended up busy day running errands. Not much else to report. Spent most of the day stressful meeting that ran long. Need more sleep tonight.
2026-05-19,May 19,Tuesday,22:49,good,meeting | date-night | run | family | gym | budgeting | gaming | hike,Sleep quality: 3/5,,
2026-05-20,May 20,Wednesday,20:43,good,rain | journaling | gym | wine | haircut | meditation | hike,Sleep quality: 3/5,,Spent most of the day tired but satisfied kind of day. Trying to keep a steady routine. Managed to get through tired but satisfied kind of day. Not much else to report.
2026-05-21,May 21,Thursday,20:10,meh,reading | movie | coffee | travel | gym | cleaning | gaming | meditation,Sleep quality: 5/5,,Started the morning with stressful meeting that ran long. Grateful for the small things. Feeling like quiet day at home. Need more sleep tonight. Started the morning with slow start but it picked up. Trying to keep a steady routine.
2026-05-22,May 22,Friday,20:35,meh,coffee | shopping | bike | wine | journaling | cleaning | travel | family | doctor | baking | dentist | gaming | hike | yoga,Sleep quality: 4/5,,Today was quiet day at home. Looking forward to tomorrow. Spent most of the day slow start but it picked up. Looking forward to tomorrow. Ended up relaxing afternoon with a book. Trying to keep a steady routine.
2026-05-23,May 23,Saturday,19:27,meh,gaming | board-games | language-practice | walk | cooking | meeting | journaling | tea | cleaning | sunny | meditation,Sleep quality: 1/5,,Today was stressful meeting that ran long. Could have been better honestly. Spent most of the day quiet day at home. Could have been better honestly. Started the morning with bit of a struggle with motivation. Overall a decent day.
2026-05-24,May 24,Sunday,21:05,rad,gym | walk | reading | shopping | tea | concert | coffee | car-maintenance | bike | call-family | gaming,Sleep quality: 4/5,,
2026-05-25,May 25,Monday,19:33,good,meeting | date-night | laundry | run | tea | gaming | meditation,Sleep quality: 5/5,,Started the morning with nice evening cooking dinner. Overall a decent day.
2026-05-26,May 26,Tuesday,05:22,rad,tea | board-games | gaming | meditation | dentist | car-maintenance | groceries | date-night | baking | gardening,Sleep quality: 2/5,,A pretty fun night out that lifted my mood. Hoping next week is calmer.
2026-05-27,May 27,Wednesday,03:50,good,work | gym | haircut | yoga | sunny | cleaning | laundry | gaming | meditation,Sleep quality: 4/5,,
2026-05-28,May 28,Thursday,23:28,good,wine | swim | call-family | museum | bike | budgeting | meditation | family | doctor | gaming,Sleep quality: 3/5,,
2026-05-29,May 29,Friday,21:01,good,rain | cooking | gardening | run | doctor | gaming | sunny | nap | call-family | music | budgeting | meditation,Sleep quality: 1/5,,Started the morning with good session at work. Not much else to report. Today was catch-up with an old friend. Hoping next week is calmer.
2026-05-30,May 30,Saturday,20:08,good,board-games | music | laundry | family | movie | hike | walk | sketching | sunny | language-practice | gaming,Sleep quality: 1/5,,
2026-05-31,May 31,Sunday,22:30,good,cleaning | sunny | coffee | hike | movie | walk | party | concert | gaming | meditation,Sleep quality: 4/5,,Managed to get through quiet day at home. Grateful for the small things. Managed to get through stressful meeting that ran long. Overall a decent day. A pretty stressful meeting that ran long. Overall a decent day.
2026-06-02,June 2,Tuesday,19:17,good,groceries | gaming | cooking | budgeting | sunny | meeting | sketching | hike | meditation,Sleep quality: 2/5,,Spent most of the day fun night out that lifted my mood. Need more sleep tonight. Spent most of the day productive stretch of focused work. Grateful for the small things.
2026-06-03,June 3,Wednesday,21:15,meh,gym | haircut | dentist | walk | meditation,Sleep quality: 5/5,,
2026-06-04,June 4,Thursday,23:22,meh,wine | baking | meeting | reading | groceries | guitar | gym | sketching | party | concert | hike,Sleep quality: 5/5,,Feeling like quiet day at home. Hoping next week is calmer.
2026-06-05,June 5,Friday,19:50,good,cleaning | journaling | swim | volunteering | shopping | groceries | gaming | meditation | hike,Sleep quality: 4/5,,
2026-06-06,June 6,Saturday,21:26,good,haircut | sunny | gardening | party | family | bike | gaming | hike,Sleep quality: 3/5,,
2026-06-07,June 7,Sunday,22:37,good,music | guitar | meditation | movie | sketching | journaling | museum | gaming | hike,Sleep quality: 5/5,,Today was good session at work. Hoping next week is calmer. Ended up slow start but it picked up. Could have been better honestly. Ended up busy day running errands. Not much else to report.
2026-06-08,June 8,Monday,22:15,good,journaling | cooking | rain | baking | nap | meeting | bike | meditation | gaming | family,Sleep quality: 2/5,,Started the morning with good session at work. Not much else to report. Managed to get through fun night out that lifted my mood. Grateful for the small things.
2026-06-09,June 9,Tuesday,21:59,good,gaming | dentist | music | podcast | shopping | work | museum | meditation | hike,Sleep quality: 1/5,,Spent most of the day tired but satisfied kind of day. Need more sleep tonight. Feeling like bit of a struggle with motivation. Overall a decent day.
2026-06-10,June 10,Wednesday,23:12,good,baking | meeting | concert | gym | sunny | coffee | swim | doctor | walk | gaming | meditation,Sleep quality: 1/5,,Managed to get through relaxing afternoon with a book. Could have been better honestly. Spent most of the day good session at work. Could have been better honestly. Managed to get through quiet day at home. Not much else to report.
2026-06-12,June 12,Friday,23:17,good,baking | volunteering | wine | music | sunny | run | coffee | gaming | meditation | hike,Sleep quality: 1/5,,
2026-06-13,June 13,Saturday,22:38,good,language-practice | board-games | meditation | gaming | hike,Sleep quality: 3/5,,A pretty productive stretch of focused work. Grateful for the small things. A pretty stressful meeting that ran long. Grateful for the small things. Today was stressful meeting that ran long. Could have been better honestly.
2026-06-14,June 14,Sunday,20:57,bad,sunny | music | journaling | travel | wine | car-maintenance | cleaning | gaming | meditation | hike,Sleep quality: 5/5,,Ended up long walk that helped clear my head. Overall a decent day. Managed to get through slow start but it picked up. Need more sleep tonight.
2026-06-15,June 15,Monday,23:10,good,party | swim | wine | gaming | meditation | hike,Sleep quality: 3/5,,
2026-06-16,June 16,Tuesday,23:15,good,baking | bike | movie | gym | gaming | hike | commute,Sleep quality: 3/5,,Ended up busy day running errands. Overall a decent day. Started the morning with productive stretch of focused work. Need more sleep tonight.
2026-06-17,June 17,Wednesday,20:22,bad,car-maintenance | walk | sunny | reading | concert | bike | cleaning | nap | volunteering | laundry | meditation,Sleep quality: 2/5,,
2026-06-18,June 18,Thursday,02:11,good,sunny | sketching | cleaning | call-family | meditation | concert | travel | movie | gaming | hike,Sleep quality: 5/5,,Had a relaxing afternoon with a book. Trying to keep a steady routine.
2026-06-19,June 19,Friday,20:51,bad,meditation | call-family | journaling | party | laundry | podcast | movie | gaming,Sleep quality: 2/5,,Spent most of the day catch-up with an old friend. Hoping next week is calmer.
2026-06-20,June 20,Saturday,23:27,bad,doctor | travel | meeting | shopping | guitar | gaming | meditation,Sleep quality: 1/5,,Managed to get through relaxing afternoon with a book. Trying to keep a steady routine.
2026-06-21,June 21,Sunday,21:16,good,call-family | podcast | car-maintenance | cleaning | board-games | volunteering | wine | gym | date-night | commute | meeting | gaming | meditation | hike,Sleep quality: 4/5,,Started the morning with long walk that helped clear my head. Grateful for the small things. Feeling like relaxing afternoon with a book. Not much else to report. Today was busy day running errands. Overall a decent day.
2026-06-22,June 22,Monday,23:22,good,run | car-maintenance | coffee | nap | wine | music | gaming | hike,Sleep quality: 4/5,,
2026-06-23,June 23,Tuesday,20:33,meh,tea | baking | volunteering | meditation | groceries | rain | movie | dentist | budgeting | gaming | hike,Sleep quality: 5/5,,
2026-06-24,June 24,Wednesday,22:11,good,board-games | sketching | nap | gardening | language-practice | gaming | groceries | swim | dentist | doctor | meditation,Sleep quality: 5/5,,A pretty stressful meeting that ran long. Hoping next week is calmer. Started the morning with tired but satisfied kind of day. Could have been better honestly.
2026-06-25,June 25,Thursday,22:28,good,concert | baking | car-maintenance | bike | nap | guitar | swim | gaming | meditation | hike,Sleep quality: 3/5,,Ended up relaxing afternoon with a book. Looking forward to tomorrow. Spent most of the day busy day running errands. Grateful for the small things. Started the morning with relaxing afternoon with a book. Looking forward to tomorrow.
2026-06-26,June 26,Friday,21:12,good,car-maintenance | baking | sunny | coffee | shopping | movie | groceries | bike | meditation | hike,Sleep quality: 3/5,,
2026-06-27,June 27,Saturday,19:21,good,music | language-practice | budgeting | movie | coffee | cleaning | gaming,Sleep quality: 2/5,,A pretty bit of a struggle with motivation. Not much else to report. Had a nice evening cooking dinner. Not much else to report.
2026-06-28,June 28,Sunday,22:11,meh,coffee | laundry | museum | guitar | music | reading | travel | gaming | commute,Sleep quality: 3/5,,
2026-06-29,June 29,Monday,21:01,good,laundry | board-games | family | run | groceries | budgeting | journaling | gaming | meditation | hike | yoga,Sleep quality: 4/5,,
2026-06-30,June 30,Tuesday,20:35,good,shopping | movie | dentist | friends | gym | concert | gaming | meditation | hike,Sleep quality: 1/5,,Today was relaxing afternoon with a book. Looking forward to tomorrow. A pretty tired but satisfied kind of day. Looking forward to tomorrow. Had a slow start but it picked up. Need more sleep tonight.
2026-07-01,July 1,Wednesday,22:28,awful,guitar | call-family | bike | reading | sunny | gaming | meditation | hike,Sleep quality: 1/5,,Ended up tired but satisfied kind of day. Overall a decent day.
2026-07-02,July 2,Thursday,06:53,good,travel | rain | baking | board-games | cleaning | date-night,Sleep quality: 4/5,,Today was long walk that helped clear my head. Trying to keep a steady routine. Spent most of the day long walk that helped clear my head. Grateful for the small things.
2026-07-03,July 3,Friday,02:22,good,wine | journaling | bike | budgeting | board-games | friends | sunny | hike,Sleep quality: 4/5,,Started the morning with relaxing afternoon with a book. Overall a decent day. Managed to get through tired but satisfied kind of day. Trying to keep a steady routine.
2026-07-04,July 4,Saturday,23:52,good,gym | family | volunteering | groceries | wine | nap | laundry | sketching | friends | doctor | gaming | meditation,Sleep quality: 2/5,,A pretty catch-up with an old friend. Need more sleep tonight. Feeling like nice evening cooking dinner. Not much else to report.
2026-07-05,July 5,Sunday,19:04,good,podcast | language-practice | meeting | bike | shopping | swim | journaling | hike | cooking | meditation | work | gaming,Sleep quality: 4/5,,A pretty slow start but it picked up. Looking forward to tomorrow. Spent most of the day relaxing afternoon with a book. Need more sleep tonight. A pretty bit of a struggle with motivation. Hoping next week is calmer.
2026-07-06,July 6,Monday,05:32,good,budgeting | meeting | gym | dentist | coffee | family | gaming | meditation,Sleep quality: 4/5,,
2026-07-07,July 7,Tuesday,21:13,good,sunny | volunteering | family | meeting | gym | gaming | meditation | hike,Sleep quality: 2/5,,
2026-07-08,July 8,Wednesday,23:14,good,date-night | run | party | gardening | sketching | groceries | gym | meditation,Sleep quality: 4/5,,
2026-07-09,July 9,Thursday,23:38,bad,call-family | car-maintenance | run | travel | swim | cleaning | coffee | meditation,Sleep quality: 5/5,,Feeling like bit of a struggle with motivation. Looking forward to tomorrow. A pretty productive stretch of focused work. Hoping next week is calmer. Managed to get through busy day running errands. Grateful for the small things.
2026-07-10,July 10,Friday,21:14,good,cooking | movie | wine | podcast | reading | gardening | gaming,Sleep quality: 3/5,,Spent most of the day relaxing afternoon with a book. Could have been better honestly. Spent most of the day tired but satisfied kind of day. Need more sleep tonight. Had a quiet day at home. Grateful for the small things.
2026-07-11,July 11,Saturday,23:40,good,gym | meeting | travel | guitar | shopping | tea | sunny | movie | cooking | friends | meditation,Sleep quality: 2/5,,
2026-07-12,July 12,Sunday,20:28,bad,sunny | baking | language-practice | coffee | guitar | gaming | wine | concert | meditation,Sleep quality: 1/5,,Managed to get through good session at work. Could have been better honestly. Had a long walk that helped clear my head. Hoping next week is calmer.
2026-07-13,July 13,Monday,20:01,good,language-practice | hike | family | friends | run | call-family | party | baking | museum | work | gaming,Sleep quality: 3/5,,Managed to get through fun night out that lifted my mood. Overall a decent day.
2026-07-14,July 14,Tuesday,23:52,good,music | family | run | hike | shopping | baking | haircut | gaming,Sleep quality: 3/5,,Feeling like quiet day at home. Overall a decent day. Today was productive stretch of focused work. Hoping next week is calmer. Spent most of the day productive stretch of focused work. Grateful for the small things.
2026-07-15,July 15,Wednesday,20:14,meh,gym | guitar | coffee | cleaning | gaming | journaling | dentist | friends | budgeting,Sleep quality: 3/5,,Had a busy day running errands. Need more sleep tonight. Ended up bit of a struggle with motivation. Need more sleep tonight.
2026-07-16,July 16,Thursday,21:04,meh,board-games | haircut | rain | date-night | concert | gym | shopping | cooking | gaming | meditation | hike,Sleep quality: 1/5,,Today was nice evening cooking dinner. Grateful for the small things. A pretty slow start but it picked up. Overall a decent day. Managed to get through productive stretch of focused work. Hoping next week is calmer.
2026-07-17,July 17,Friday,23:51,good,sketching | podcast | work | movie | hike | coffee | museum | swim | tea | haircut | meditation,Sleep quality: 2/5,,
2026-07-18,July 18,Saturday,01:56,good,language-practice | call-family | baking | reading | groceries | run | laundry | sketching | travel | family | cooking | gaming | meditation | hike,Sleep quality: 5/5,,Feeling like bit of a struggle with motivation. Looking forward to tomorrow.
2026-07-19,July 19,Sunday,19:52,good,walk | journaling | shopping | car-maintenance | laundry | reading | gaming,Sleep quality: 3/5,,Had a fun night out that lifted my mood. Could have been better honestly. Ended up catch-up with an old friend. Grateful for the small things.
2026-07-20,July 20,Monday,22:21,good,haircut | volunteering | groceries | laundry | run | concert | shopping | work | doctor | gardening | gaming,Sleep quality: 5/5,,
2026-07-21,July 21,Tuesday,21:16,good,language-practice | board-games | travel | gardening | budgeting | movie | podcast,Sleep quality: 2/5,,Feeling like relaxing afternoon with a book. Hoping next week is calmer.
2026-07-22,July 22,Wednesday,20:57,good,wine | party | friends | dentist | gaming | hike,Sleep quality: 1/5,,Managed to get through fun night out that lifted my mood. Need more sleep tonight. Feeling like catch-up with an old friend. Not much else to report.
2026-07-23,July 23,Thursday,22:40,good,meditation | tea | car-maintenance | sketching | party | volunteering | friends | run | gaming | hike,Sleep quality: 2/5,,Spent most of the day bit of a struggle with motivation. Need more sleep tonight. Had a slow start but it picked up. Hoping next week is calmer.
2026-07-24,July 24,Friday,22:12,good,guitar | groceries | cleaning | date-night | tea | bike | party | doctor | gaming | meditation,Sleep quality: 5/5,,Ended up catch-up with an old friend. Need more sleep tonight. Ended up good session at work. Could have been better honestly. Ended up nice evening cooking dinner. Overall a decent day.
2026-07-25,July 25,Saturday,19:29,good,budgeting | guitar | podcast | dentist | run | groceries | cooking | tea | meditation | hike,Sleep quality: 4/5,,
2026-07-26,July 26,Sunday,02:54,good,friends | sunny | doctor | music | walk | gaming | meditation | hike,Sleep quality: 3/5,,Started the morning with busy day running errands. Trying to keep a steady routine.
2026-07-27,July 27,Monday,21:48,meh,car-maintenance | rain | coffee | meditation | groceries | cleaning | party | wine | language-practice | reading | museum | gaming,Sleep quality: 3/5,,
2026-07-28,July 28,Tuesday,20:46,good,friends | coffee | haircut | meeting | meditation | hike,Sleep quality: 2/5,,Had a nice evening cooking dinner. Trying to keep a steady routine. Started the morning with catch-up with an old friend. Grateful for the small things.
2026-07-29,July 29,Wednesday,22:58,good,walk | nap | laundry | baking | gym | gaming | meeting | reading | work | meditation,Sleep quality: 5/5,,Spent most of the day nice evening cooking dinner. Trying to keep a steady routine. Today was tired but satisfied kind of day. Hoping next week is calmer.
2026-07-30,July 30,Thursday,23:37,good,date-night | work | call-family | concert | gym | run | walk | car-maintenance | budgeting | museum | meeting | gaming | meditation | hike,Sleep quality: 3/5,,A pretty good session at work. Hoping next week is calmer. Ended up bit of a struggle with motivation. Could have been better honestly.
2026-07-31,July 31,Friday,19:52,good,car-maintenance | board-games | reading | rain | haircut | date-night | meditation | hike,Sleep quality: 5/5,,Today was bit of a struggle with motivation. Hoping next week is calmer.
2026-08-01,August 1,Saturday,20:54,bad,bike | travel | museum | gym | meditation | hike,Sleep quality: 5/5,,Feeling like busy day running errands. Trying to keep a steady routine.
2026-08-02,August 2,Sunday,19:13,meh,podcast | baking | guitar | travel | rain | groceries | gaming | meditation | hike,Sleep quality: 5/5,,Managed to get through relaxing afternoon with a book. Hoping next week is calmer. Spent most of the day productive stretch of focused work. Need more sleep tonight.
2026-08-03,August 3,Monday,19:25,meh,sunny | bike | wine | meeting | concert | swim | run | groceries | journaling | gaming | hike,Sleep quality: 1/5,,Managed to get through relaxing afternoon with a book. Need more sleep tonight. Started the morning with stressful meeting that ran long. Hoping next week is calmer. Feeling like productive stretch of focused work. Hoping next week is calmer.
2026-08-04,August 4,Tuesday,19:16,good,meeting | date-night | board-games | music | run | concert | coffee | rain | gaming | hike,Sleep quality: 1/5,,Had a catch-up with an old friend. Grateful for the small things. A pretty productive stretch of focused work. Not much else to report. Today was relaxing afternoon with a book. Need more sleep tonight.
2026-08-07,August 7,Friday,22:24,rad,baking | family | bike | hike | walk | sketching | meditation,Sleep quality: 5/5,,Feeling like bit of a struggle with motivation. Overall a decent day.
2026-08-08,August 8,Saturday,23:55,meh,hike | dentist | journaling | concert | meeting | car-maintenance | doctor | family | friends,Sleep quality: 4/5,,Today was catch-up with an old friend. Looking forward to tomorrow.
2026-08-09,August 9,Sunday,19:06,meh,podcast | party | rain | cleaning | work | haircut | budgeting | coffee | bike | gaming | meditation | hike,Sleep quality: 5/5,,
2026-08-10,August 10,Monday,23:17,good,nap | volunteering | baking | sunny | podcast | meditation | hike,Sleep quality: 3/5,,Started the morning with productive stretch of focused work. Hoping next week is calmer. Ended up catch-up with an old friend. Not much else to report. Ended up relaxing afternoon with a book. Grateful for the small things.
2026-08-11,August 11,Tuesday,20:29,good,call-family | sketching | board-games | gaming | meditation,Sleep quality: 1/5,,
2026-08-12,August 12,Wednesday,21:12,bad,language-practice | concert | laundry | friends | meditation | budgeting | cooking | gaming | hike,Sleep quality: 3/5,,
2026-08-13,August 13,Thursday,19:40,meh,gym | nap | music | family | budgeting | walk | movie | meeting | language-practice | laundry | gaming | meditation,Sleep quality: 4/5,,Had a catch-up with an old friend. Not much else to report.
2026-08-14,August 14,Friday,23:08,good,meditation | board-games | guitar | bike | gardening | cooking | cleaning,Sleep quality: 3/5,,Feeling like slow start but it picked up. Not much else to report. Feeling like tired but satisfied kind of day. Looking forward to tomorrow. Feeling like catch-up with an old friend. Overall a decent day.
2026-08-15,August 15,Saturday,21:24,good,wine | laundry | gym | shopping | travel | gaming,Sleep quality: 2/5,,
2026-08-16,August 16,Sunday,01:20,good,travel | movie | journaling | podcast | walk | sunny | sketching | baking | call-family | board-games | gaming | meditation,Sleep quality: 5/5,,Had a relaxing afternoon with a book. Looking forward to tomorrow. Spent most of the day busy day running errands. Looking forward to tomorrow.
